Zip Code,H3 Index,Market Share (% of Population),Customer Share (% of Total Customers),Churn Rate (%)
95215,8528363bfffffff,0.0,0.07730962504831851,0.0
95822,852832b3fffffff,0.0,0.07730962504831851,0.0
92029,8529a473fffffff,0.0,0.05798221878623889,25.0
90201,8529a1d3fffffff,0.0,0.09663703131039815,0.0
95735,85298d2ffffffff,16.0,0.07730962504831851,0.0
95014,8528340ffffffff,0.0,0.038654812524159254,50.0
92505,8529a017fffffff,0.0,0.05798221878623889,25.0
95062,8528341bfffffff,0.0,0.05798221878623889,25.0
92251,8529a6d3fffffff,0.0,0.05798221878623889,25.0
90740,8529a57bfffffff,0.0,0.05798221878623889,40.0
94552,8528346ffffffff,0.0,0.07730962504831851,0.0
95838,852832bbfffffff,0.0,0.019327406262079627,75.0
94027,85283477fffffff,0.0,0.038654812524159254,50.0
95329,85283653fffffff,0.0,0.05798221878623889,25.0
92122,8529a403fffffff,0.0,0.05798221878623889,91.66666666666666
92382,8529a073fffffff,0.0,0.019327406262079627,75.0
95228,85283647fffffff,0.0,0.07730962504831851,0.0
93512,85298ccffffffff,0.8823529411764706,0.05798221878623889,25.0
90011,8529a56ffffffff,0.0,0.07730962504831851,20.0
95138,85283447fffffff,0.0,0.07730962504831851,0.0
96093,85281527fffffff,0.0,0.038654812524159254,50.0
92305,8529a047fffffff,0.9966777408637874,0.05798221878623889,25.0
91750,8529a037fffffff,0.0,0.09663703131039815,0.0
94580,8528309bfffffff,0.0,0.05798221878623889,25.0
93103,85291267fffffff,0.0,0.05798221878623889,25.0
93950,85291a6ffffffff,0.0,0.05798221878623889,25.0
90743,8529a57bfffffff,2.8735632183908044,0.09663703131039815,0.0
93442,8529ad13fffffff,0.0,0.05798221878623889,25.0
94621,8528309bfffffff,0.0,0.07730962504831851,0.0
95688,85283073fffffff,0.0,0.05798221878623889,25.0
92123,8529a41bfffffff,0.0,0.07730962504831851,20.0
95659,852832a7fffffff,0.3994673768308922,0.05798221878623889,25.0
93561,8529ae93fffffff,0.0,0.05798221878623889,25.0
92126,8529a40bfffffff,0.0,0.07730962504831851,87.5
93428,8529ad07fffffff,0.0,0.07730962504831851,0.0
93652,8529a82bfffffff,1.509433962264151,0.07730962504831851,0.0
95451,852833b3fffffff,0.0,0.07730962504831851,0.0
94541,8528346ffffffff,0.0,0.05798221878623889,25.0
95918,8528322ffffffff,0.0,0.05798221878623889,25.0
95368,85283617fffffff,0.0,0.05798221878623889,25.0
96118,85298933fffffff,0.0,0.07730962504831851,0.0
93263,8529ac6bfffffff,0.0,0.038654812524159254,50.0
93644,85298cb7fffffff,0.0,0.05798221878623889,25.0
92701,8529a0b7fffffff,0.0,0.05798221878623889,25.0
92284,8529a287fffffff,0.0,0.09663703131039815,0.0
91733,8529a1d3fffffff,0.0,0.07730962504831851,20.0
94556,8528308bfffffff,0.0,0.038654812524159254,50.0
96056,85281007fffffff,0.0,0.05798221878623889,25.0
90277,8529a567fffffff,0.0,0.07730962504831851,20.0
90037,8529a56ffffffff,0.0,0.05798221878623889,40.0
92117,8529a403fffffff,0.0,0.07730962504831851,88.23529411764706
93591,8529a15bfffffff,0.0,0.019327406262079627,75.0
93705,8529ab83fffffff,0.0,0.05798221878623889,25.0
94301,85283477fffffff,0.0,0.07730962504831851,0.0
94536,85283463fffffff,0.0,0.07730962504831851,0.0
93727,8529ab9bfffffff,0.0,0.07730962504831851,0.0
95573,8528020ffffffff,0.0,0.07730962504831851,0.0
90260,8529a567fffffff,0.0,0.05798221878623889,40.0
93544,8529a15bfffffff,0.0,0.07730962504831851,0.0
92518,8529a003fffffff,0.0,0.038654812524159254,50.0
93618,8529a87bfffffff,0.0,0.019327406262079627,75.0
91765,8529a0affffffff,0.0,0.09663703131039815,0.0
92102,8529a41bfffffff,0.0,0.07730962504831851,0.0
93262,8529aa8ffffffff,5.357142857142857,0.05798221878623889,25.0
95830,85283287fffffff,0.6756756756756757,0.07730962504831851,0.0
93933,852834d3fffffff,0.0,0.019327406262079627,75.0
96001,8528153bfffffff,0.0,0.05798221878623889,25.0
90302,8529a19bfffffff,0.0,0.07730962504831851,20.0
95571,85280297fffffff,1.4814814814814816,0.07730962504831851,0.0
93606,8529ab97fffffff,0.12391573729863693,0.019327406262079627,75.0
95951,85283363fffffff,0.0,0.05798221878623889,25.0
90035,8529a19bfffffff,0.0,0.09663703131039815,0.0
91942,8529a41bfffffff,0.0,0.07730962504831851,20.0
90660,8529a1d3fffffff,0.0,0.05798221878623889,40.0
90263,8529a197fffffff,36.36363636363637,0.07730962504831851,20.0
96037,85281137fffffff,1.0169491525423728,0.05798221878623889,25.0
92278,8529a217fffffff,0.0,0.07730962504831851,20.0
93728,8529ab93fffffff,0.0,0.07730962504831851,0.0
96090,852815d7fffffff,0.9876543209876543,0.07730962504831851,0.0
94549,8528308bfffffff,0.0,0.05798221878623889,25.0
95987,85283313fffffff,0.0,0.038654812524159254,50.0
92411,8529a00ffffffff,0.0,0.05798221878623889,25.0
92327,8529a3cbfffffff,0.4424778761061947,0.05798221878623889,25.0
92394,8529a393fffffff,0.0,0.05798221878623889,25.0
93004,8529a1b7fffffff,0.0,0.07730962504831851,0.0
91301,8529a187fffffff,0.0,0.05798221878623889,40.0
93063,8529a18ffffffff,0.0,0.07730962504831851,0.0
94509,852830c3fffffff,0.0,0.038654812524159254,50.0
90048,8529a19bfffffff,0.0,0.05798221878623889,40.0
94010,85283093fffffff,0.0,0.038654812524159254,50.0
90222,8529a56ffffffff,0.0,0.09663703131039815,0.0
93601,8529ab0ffffffff,0.0,0.05798221878623889,25.0
91411,8529a18bfffffff,0.0,0.038654812524159254,60.0
92376,8529a007fffffff,0.0,0.07730962504831851,0.0
91737,8529a023fffffff,0.0,0.05798221878623889,40.0
91364,8529a183fffffff,0.0,0.09663703131039815,0.0
95311,8529ab2ffffffff,0.0,0.07730962504831851,0.0
92262,8529a627fffffff,0.0,0.05798221878623889,25.0
96112,8528122bfffffff,0.8658008658008658,0.038654812524159254,33.33333333333333
91306,8529a18ffffffff,0.0,0.07730962504831851,20.0
94606,85283083fffffff,0.0,0.05798221878623889,25.0
92008,8529a477fffffff,0.0,0.05798221878623889,25.0
93429,8529136bfffffff,1.4285714285714286,0.05798221878623889,25.0
91605,8529a18bfffffff,0.0,0.019327406262079627,83.33333333333334
96002,8528150ffffffff,0.0,0.05798221878623889,25.0
90504,8529a567fffffff,0.0,0.05798221878623889,40.0
90005,8529a1d7fffffff,0.0,0.038654812524159254,50.0
92267,8529b0b3fffffff,3.0534351145038165,0.07730962504831851,0.0
95205,85283623fffffff,0.0,0.07730962504831851,0.0
95632,85283293fffffff,0.0,0.05798221878623889,25.0
95370,8528364bfffffff,0.0,0.07730962504831851,0.0
95350,85283603fffffff,0.0,0.019327406262079627,75.0
95444,852831cbfffffff,0.7692307692307693,0.05798221878623889,25.0
92804,8529a0b7fffffff,0.0,0.05798221878623889,25.0
92614,8529a0b3fffffff,0.0,0.07730962504831851,0.0
95054,85283473fffffff,0.0,0.05798221878623889,25.0
93245,8529a83bfffffff,0.0,0.05798221878623889,25.0
95336,85283607fffffff,0.0,0.07730962504831851,0.0
95118,85283447fffffff,0.0,0.07730962504831851,0.0
95120,85283457fffffff,0.0,0.05798221878623889,25.0
94086,85283473fffffff,0.0,0.05798221878623889,25.0
95568,85281cd7fffffff,1.4851485148514851,0.05798221878623889,25.0
91780,8529a1d3fffffff,0.0,0.09663703131039815,0.0
95669,852832d7fffffff,0.0,0.038654812524159254,50.0
96010,85280257fffffff,1.486988847583643,0.07730962504831851,0.0
94087,85283473fffffff,0.0,0.07730962504831851,0.0
95346,85298dbbfffffff,0.0,0.05798221878623889,25.0
95841,852832bbfffffff,0.0,0.07730962504831851,0.0
96025,85281113fffffff,0.0,0.05798221878623889,25.0
93460,8529ac87fffffff,0.0,0.07730962504831851,0.0
92130,8529a40ffffffff,0.0,0.038654812524159254,90.9090909090909
95646,85298d3bfffffff,2.3255813953488373,0.05798221878623889,25.0
93022,8529126bfffffff,0.0,0.05798221878623889,25.0
91010,8529a1dbfffffff,0.0,0.05798221878623889,40.0
96038,8528113bfffffff,0.6493506493506493,0.07730962504831851,0.0
90046,8529a1d7fffffff,0.0,0.09663703131039815,0.0
91307,8529a18ffffffff,0.0,0.09663703131039815,0.0
91343,8529a18bfffffff,0.0,0.07730962504831851,20.0
94578,8528309bfffffff,0.0,0.07730962504831851,0.0
92101,8529a413fffffff,0.0,0.07730962504831851,0.0
92254,8529a60ffffffff,0.0,0.09663703131039815,0.0
92059,8529a46ffffffff,0.0,0.05798221878623889,25.0
94960,852830bbfffffff,0.0,0.038654812524159254,50.0
92065,8529a447fffffff,0.0,0.07730962504831851,0.0
92109,8529a403fffffff,0.0,0.05798221878623889,88.88888888888889
92071,8529a457fffffff,0.0,0.05798221878623889,0.0
95007,85283403fffffff,0.0,0.07730962504831851,0.0
95843,852832bbfffffff,0.0,0.038654812524159254,50.0
95466,85283167fffffff,0.0,0.05798221878623889,25.0
92325,8529a077fffffff,0.0,0.038654812524159254,50.0
96059,85281543fffffff,0.6688963210702341,0.07730962504831851,0.0
90043,8529a56ffffffff,0.0,0.07730962504831851,20.0
95227,85283667fffffff,0.41551246537396125,0.05798221878623889,25.0
90220,8529a56ffffffff,0.0,0.09663703131039815,0.0
93673,8529a873fffffff,0.46439628482972134,0.05798221878623889,25.0
94949,852830bbfffffff,0.0,0.038654812524159254,50.0
90230,8529a19bfffffff,0.0,0.05798221878623889,40.0
93023,8529a1affffffff,0.0,0.05798221878623889,25.0
92604,8529a0b3fffffff,0.0,0.07730962504831851,0.0
95030,8528340bfffffff,0.0,0.038654812524159254,50.0
90706,8529a56bfffffff,0.0,0.05798221878623889,40.0
91754,8529a1d3fffffff,0.0,0.07730962504831851,20.0
95833,852832b3fffffff,0.0,0.07730962504831851,0.0
91367,8529a18ffffffff,0.0,0.07730962504831851,20.0
93065,8529a1bbfffffff,0.0,0.05798221878623889,25.0
95901,85283227fffffff,0.0,0.07730962504831851,0.0
93623,8529ab0ffffffff,5.194805194805195,0.07730962504831851,0.0
92861,8529a0a3fffffff,0.0,0.07730962504831851,0.0
95932,8528331bfffffff,0.0,0.05798221878623889,25.0
96132,85281057fffffff,4.166666666666666,0.05798221878623889,25.0
95736,8528320ffffffff,9.67741935483871,0.05798221878623889,25.0
95971,85281403fffffff,0.0,0.019327406262079627,75.0
95133,8528347bfffffff,0.0,0.07730962504831851,0.0
93465,8529ad0bfffffff,0.0,0.019327406262079627,75.0
93605,8529ab53fffffff,1.098901098901099,0.05798221878623889,25.0
90715,8529a56bfffffff,0.0,0.09663703131039815,0.0
95121,85283447fffffff,0.0,0.038654812524159254,50.0
95973,852814a7fffffff,0.0,0.07730962504831851,0.0
94560,85283463fffffff,0.0,0.07730962504831851,0.0
94510,8528301bfffffff,0.0,0.07730962504831851,0.0
93703,8529ab9bfffffff,0.0,0.05798221878623889,25.0
95587,8528063bfffffff,1.5,0.05798221878623889,25.0
90056,8529a19bfffffff,0.0,0.038654812524159254,60.0
92273,8548596bfffffff,0.0,0.019327406262079627,75.0
90272,8529a183fffffff,0.0,0.05798221878623889,40.0
94801,8528308ffffffff,0.0,0.05798221878623889,25.0
90012,8529a1d7fffffff,0.0,0.07730962504831851,20.0
94572,85283013fffffff,0.0,0.038654812524159254,50.0
91207,8529a1d7fffffff,0.0,0.05798221878623889,40.0
91104,8529a1c3fffffff,0.0,0.07730962504831851,20.0
95823,85283287fffffff,0.0,0.05798221878623889,25.0
95361,8528360bfffffff,0.0,0.038654812524159254,50.0
93550,8529a157fffffff,0.0,0.05798221878623889,25.0
95545,8528004bfffffff,3.6585365853658534,0.05798221878623889,25.0
93312,8529ac7bfffffff,0.0,0.05798221878623889,25.0
92282,8529a05bfffffff,0.37267080745341613,0.05798221878623889,40.0
95837,852832a3fffffff,1.1363636363636365,0.05798221878623889,25.0
90066,8529a19bfffffff,0.0,0.05798221878623889,40.0
95136,85283447fffffff,0.0,0.05798221878623889,25.0
95485,852833a7fffffff,0.0,0.07730962504831851,0.0
95439,85283027fffffff,0.42016806722689076,0.038654812524159254,50.0
93268,8529ac47fffffff,0.0,0.038654812524159254,50.0
95670,852832bbfffffff,0.0,0.05798221878623889,25.0
95076,852834cffffffff,0.0,0.05798221878623889,25.0
91730,8529a033fffffff,0.0,0.07730962504831851,20.0
94512,852830cffffffff,2.1739130434782608,0.05798221878623889,25.0
92392,8529a393fffffff,0.0,0.05798221878623889,25.0
90025,8529a19bfffffff,0.0,0.07730962504831851,20.0
94060,85283407fffffff,0.0,0.05798221878623889,25.0
93445,8529add3fffffff,0.0,0.038654812524159254,33.33333333333333
96071,85281087fffffff,0.5494505494505495,0.019327406262079627,75.0
95966,85281497fffffff,0.0,0.038654812524159254,50.0
92270,8529a623fffffff,0.0,0.05798221878623889,40.0
93250,8529aea7fffffff,0.0,0.07730962504831851,0.0
93240,8529ae03fffffff,0.0,0.07730962504831851,0.0
93626,8529ab13fffffff,0.0,0.05798221878623889,25.0
95818,852832b3fffffff,0.0,0.05798221878623889,25.0
90742,8529a57bfffffff,0.0,0.05798221878623889,40.0
95827,85283287fffffff,0.0,0.05798221878623889,25.0
93225,8529a127fffffff,0.0,0.07730962504831851,0.0
93251,8529ac77fffffff,0.6622516556291391,0.038654812524159254,50.0
95639,8528304bfffffff,1.4084507042253522,0.05798221878623889,25.0
92372,8529a02ffffffff,0.0,0.07730962504831851,0.0
93960,8529a9b3fffffff,0.0,0.07730962504831851,0.0
90042,8529a1d7fffffff,0.0,0.05798221878623889,40.0
93532,8529a13bfffffff,0.0,0.038654812524159254,50.0
92110,8529a403fffffff,0.0,0.05798221878623889,25.0
92333,8529a07bfffffff,0.7246376811594203,0.05798221878623889,25.0
95119,85283447fffffff,0.0,0.07730962504831851,0.0
95051,85283473fffffff,0.0,0.07730962504831851,0.0
95403,85283027fffffff,0.0,0.05798221878623889,25.0
93667,8529abc3fffffff,0.0,0.05798221878623889,25.0
90746,8529a56ffffffff,0.0,0.09663703131039815,0.0
95608,852832bbfffffff,0.0,0.038654812524159254,50.0
91107,8529a1c3fffffff,0.0,0.038654812524159254,60.0
92075,8529a40ffffffff,0.0,0.05798221878623889,25.0
90031,8529a1d7fffffff,0.0,0.07730962504831851,20.0
91910,8529a4c7fffffff,0.0,0.05798221878623889,25.0
95366,85283607fffffff,0.0,0.07730962504831851,0.0
94922,852831c3fffffff,0.684931506849315,0.07730962504831851,0.0
95429,8528060bfffffff,4.395604395604396,0.07730962504831851,0.0
90710,8529a563fffffff,0.0,0.05798221878623889,40.0
95633,8528320bfffffff,0.0,0.038654812524159254,50.0
92028,8529a467fffffff,0.0,0.32856590645535366,60.46511627906976
92335,8529a007fffffff,0.0,0.07730962504831851,0.0
91773,8529a0affffffff,0.0,0.019327406262079627,87.5
95922,8528149bfffffff,0.4746835443037975,0.05798221878623889,25.0
95124,8528340bfffffff,0.0,0.07730962504831851,0.0
94404,8528342bfffffff,0.0,0.07730962504831851,0.0
93267,8529a853fffffff,0.0,0.05798221878623889,25.0
91214,8529a1c7fffffff,0.0,0.09663703131039815,0.0
92561,8529a637fffffff,0.0,0.07730962504831851,0.0
95825,852832bbfffffff,0.0,0.05798221878623889,25.0
95603,8528320ffffffff,0.0,0.07730962504831851,0.0
94130,85283083fffffff,0.0,0.019327406262079627,75.0
94545,85283467fffffff,0.0,0.038654812524159254,50.0
95441,85283157fffffff,0.0,0.07730962504831851,0.0
94062,8528342bfffffff,0.0,0.05798221878623889,25.0
90605,8529a1d3fffffff,0.0,0.07730962504831851,20.0
92373,8529a00bfffffff,0.0,0.038654812524159254,50.0
93234,8529a833fffffff,0.0,0.038654812524159254,50.0
91201,8529a1d7fffffff,0.0,0.09663703131039815,0.0
92354,8529a003fffffff,0.0,0.07730962504831851,0.0
92249,85485bb7fffffff,0.0,0.05798221878623889,40.0
93615,8529a87bfffffff,0.0,0.05798221878623889,25.0
94574,8528302bfffffff,0.0,0.038654812524159254,50.0
95230,85283673fffffff,0.6711409395973155,0.07730962504831851,0.0
91702,8529a1dbfffffff,0.0,0.07730962504831851,20.0
96106,852814cbfffffff,4.545454545454546,0.07730962504831851,0.0
95469,852806dbfffffff,0.0,0.07730962504831851,0.0
94599,8528303bfffffff,0.0,0.07730962504831851,0.0
96003,85281577fffffff,0.0,0.07730962504831851,0.0
91963,85485927fffffff,0.5524861878453038,0.09663703131039815,0.0
94542,8528346ffffffff,0.0,0.05798221878623889,25.0
94553,85283013fffffff,0.0,0.038654812524159254,50.0
95606,8528339bfffffff,0.7853403141361256,0.05798221878623889,25.0
91501,8529a1c7fffffff,0.0,0.038654812524159254,60.0
95005,85283403fffffff,0.0,0.05798221878623889,25.0
93238,8529ae73fffffff,0.0,0.05798221878623889,25.0
94533,8528300bfffffff,0.0,0.038654812524159254,50.0
91732,8529a1dbfffffff,0.0,0.038654812524159254,60.0
92111,8529a403fffffff,0.0,0.05798221878623889,40.0
94901,852830bbfffffff,0.0,0.038654812524159254,50.0
92243,8548596bfffffff,0.0,0.07730962504831851,20.0
92833,8529a0a7fffffff,0.0,0.05798221878623889,25.0
95462,852831cffffffff,0.0,0.07730962504831851,0.0
93930,8529a983fffffff,0.0,0.05798221878623889,25.0
92225,8529b5d7fffffff,0.0,0.07730962504831851,0.0
95619,8528321bfffffff,0.0,0.038654812524159254,50.0
90242,8529a56bfffffff,0.0,0.07730962504831851,20.0
93535,8529a14ffffffff,0.0,0.038654812524159254,50.0
94803,8528308ffffffff,0.0,0.05798221878623889,25.0
91206,8529a1d7fffffff,0.0,0.038654812524159254,60.0
96096,8528154ffffffff,0.3558718861209964,0.05798221878623889,25.0
95497,85283103fffffff,0.26595744680851063,0.038654812524159254,50.0
95742,8528328ffffffff,0.6688963210702341,0.038654812524159254,50.0
90249,8529a56ffffffff,0.0,0.09663703131039815,0.0
94107,85283083fffffff,0.0,0.05798221878623889,25.0
92064,8529a40bfffffff,0.0,0.07730962504831851,20.0
95255,852832dbfffffff,0.0,0.05798221878623889,25.0
95831,852832b3fffffff,0.0,0.038654812524159254,50.0
92070,8529a6b7fffffff,0.0,0.09663703131039815,0.0
92805,8529a0b7fffffff,0.0,0.038654812524159254,50.0
90804,8529a56bfffffff,0.0,0.05798221878623889,40.0
95417,85280607fffffff,1.1363636363636365,0.038654812524159254,50.0
92320,8529a00bfffffff,0.0,0.05798221878623889,25.0
95351,85283613fffffff,0.0,0.05798221878623889,25.0
92020,8529a457fffffff,0.0,0.07730962504831851,0.0
92118,8529a413fffffff,0.0,0.05798221878623889,40.0
95442,85283033fffffff,0.0,0.05798221878623889,25.0
94111,85283083fffffff,0.0,0.07730962504831851,0.0
93923,85291a6bfffffff,0.0,0.05798221878623889,25.0
95525,8528023bfffffff,0.0,0.038654812524159254,50.0
95826,85283287fffffff,0.0,0.05798221878623889,25.0
94507,852830d7fffffff,0.0,0.07730962504831851,0.0
92301,8529a397fffffff,0.0,0.07730962504831851,20.0
90069,8529a19bfffffff,0.0,0.07730962504831851,20.0
94108,85283083fffffff,0.0,0.038654812524159254,50.0
93221,8529a84bfffffff,0.0,0.019327406262079627,75.0
91768,8529a0affffffff,0.0,0.05798221878623889,40.0
92563,8529a0d7fffffff,0.0,0.038654812524159254,50.0
93675,8529aaa7fffffff,0.0,0.038654812524159254,50.0
94592,85283017fffffff,2.515723270440252,0.07730962504831851,0.0
90631,8529a0a7fffffff,0.0,0.05798221878623889,40.0
92324,8529a003fffffff,0.0,0.05798221878623889,25.0
92120,8529a41bfffffff,0.0,0.07730962504831851,20.0
90033,8529a1d7fffffff,0.0,0.07730962504831851,20.0
95969,852814b3fffffff,0.0,0.07730962504831851,0.0
95988,8528330ffffffff,0.0,0.05798221878623889,25.0
92311,8529a3cffffffff,0.0,0.05798221878623889,0.0
92268,8529a04bfffffff,1.4124293785310735,0.09663703131039815,0.0
92007,8529a40ffffffff,0.0,0.07730962504831851,0.0
96117,852816affffffff,1.0389610389610389,0.07730962504831851,0.0
93286,8529aab3fffffff,0.0,0.07730962504831851,0.0
92121,8529a403fffffff,0.0,0.05798221878623889,85.0
90248,8529a56ffffffff,0.0,0.07730962504831851,20.0
96075,85281553fffffff,0.6928406466512702,0.05798221878623889,25.0
90806,8529a563fffffff,0.0,0.09663703131039815,0.0
95033,8528340bfffffff,0.0,0.07730962504831851,0.0
93602,8529abcbfffffff,0.0,0.07730962504831851,0.0
95422,85283387fffffff,0.0,0.038654812524159254,50.0
90017,8529a1d7fffffff,0.0,0.05798221878623889,25.0
91905,8548592bfffffff,0.0,0.05798221878623889,0.0
93452,8529ad23fffffff,0.8492569002123143,0.07730962504831851,0.0
95019,852834cffffffff,0.0,0.05798221878623889,25.0
95717,85283263fffffff,0.9828009828009828,0.07730962504831851,0.0
94117,85283083fffffff,0.0,0.038654812524159254,50.0
93518,8529ae8bfffffff,0.0,0.05798221878623889,25.0
94132,85283097fffffff,0.0,0.038654812524159254,50.0
90210,8529a18bfffffff,0.0,0.09663703131039815,0.0
91016,8529a1dbfffffff,0.0,0.07730962504831851,20.0
94030,85283093fffffff,0.0,0.05798221878623889,25.0
96104,85281217fffffff,0.4667444574095682,0.07730962504831851,0.0
95490,852806c7fffffff,0.0,0.07730962504831851,0.0
92801,8529a0b7fffffff,0.0,0.07730962504831851,0.0
93510,8529a157fffffff,0.0,0.07730962504831851,0.0
91352,8529a1c7fffffff,0.0,0.07730962504831851,20.0
95953,85283353fffffff,0.0,0.05798221878623889,25.0
93905,852834dbfffffff,0.0,0.07730962504831851,0.0
90805,8529a56bfffffff,0.0,0.07730962504831851,20.0
92648,8529a57bfffffff,0.0,0.038654812524159254,50.0
95970,8528330bfffffff,0.40404040404040403,0.038654812524159254,50.0
91916,8529a443fffffff,0.0,0.09663703131039815,0.0
94089,85283473fffffff,0.0,0.05798221878623889,25.0
95443,852833b3fffffff,2.2857142857142856,0.07730962504831851,0.0
95501,852802affffffff,0.0,0.05798221878623889,25.0
94611,8528308bfffffff,0.0,0.038654812524159254,50.0
94037,8528342ffffffff,0.0,0.07730962504831851,0.0
94116,85283097fffffff,0.0,0.07730962504831851,0.0
95556,85280267fffffff,0.6968641114982579,0.07730962504831851,0.0
90405,8529a19bfffffff,0.0,0.05798221878623889,40.0
95960,8528149bfffffff,0.7079646017699115,0.07730962504831851,0.0
92332,8529b1b3fffffff,3.4782608695652173,0.07730962504831851,0.0
95326,85283613fffffff,0.0,0.038654812524159254,50.0
96092,852815d3fffffff,0.45558086560364464,0.038654812524159254,33.33333333333333
95322,85283693fffffff,0.0,0.05798221878623889,25.0
95616,8528304ffffffff,0.0,0.038654812524159254,50.0
95482,8528316ffffffff,0.0,0.05798221878623889,25.0
92627,8529a54ffffffff,0.0,0.038654812524159254,50.0
95524,852802affffffff,0.0,0.038654812524159254,50.0
94950,852830a3fffffff,1.2096774193548387,0.05798221878623889,25.0
94115,85283083fffffff,0.0,0.05798221878623889,25.0
91791,8529a1dbfffffff,0.0,0.07730962504831851,20.0
96019,85281577fffffff,0.0,0.05798221878623889,25.0
95690,8528305bfffffff,0.0,0.038654812524159254,50.0
93610,8529aba3fffffff,0.0,0.07730962504831851,0.0
95303,852836c3fffffff,0.3708281829419036,0.05798221878623889,25.0
95458,852833a3fffffff,0.0,0.05798221878623889,25.0
96017,8528118bfffffff,0.8771929824561403,0.038654812524159254,50.0
96014,852811abfffffff,1.0344827586206897,0.05798221878623889,25.0
95551,852802a7fffffff,0.0,0.05798221878623889,25.0
92408,8529a00ffffffff,0.0,0.038654812524159254,50.0
91911,8529a4c7fffffff,0.0,0.09663703131039815,0.0
92086,8529a6a3fffffff,0.0,0.09663703131039815,0.0
90502,8529a563fffffff,0.0,0.05798221878623889,40.0
95550,85280207fffffff,1.935483870967742,0.05798221878623889,25.0
92364,852984cbfffffff,2.4691358024691357,0.07730962504831851,0.0
90292,8529a19bfffffff,0.0,0.038654812524159254,60.0
95519,85280237fffffff,0.0,0.038654812524159254,50.0
95410,85280697fffffff,0.0,0.07730962504831851,0.0
95653,8528306bfffffff,0.35545023696682465,0.05798221878623889,25.0
94102,85283083fffffff,0.0,0.05798221878623889,25.0
91344,8529a113fffffff,0.0,0.07730962504831851,20.0
93552,8529a157fffffff,0.0,0.05798221878623889,25.0
92880,8529a0abfffffff,0.0,0.07730962504831851,0.0
95979,85283307fffffff,0.47393364928909953,0.07730962504831851,0.0
92660,8529a54ffffffff,0.0,0.05798221878623889,25.0
94609,85283083fffffff,0.0,0.05798221878623889,25.0
92374,8529a00bfffffff,0.0,0.038654812524159254,33.33333333333333
95916,852814bbfffffff,0.0,0.07730962504831851,0.0
92313,8529a003fffffff,0.0,0.07730962504831851,0.0
93033,8529124ffffffff,0.0,0.07730962504831851,0.0
91326,8529a18ffffffff,0.0,0.07730962504831851,20.0
92257,8529a653fffffff,0.0,0.05798221878623889,0.0
93239,8529a8bbfffffff,0.0,0.07730962504831851,0.0
95232,852832d3fffffff,9.523809523809524,0.038654812524159254,50.0
92618,8529a0b3fffffff,0.0,0.07730962504831851,0.0
93546,85298c87fffffff,0.0,0.07730962504831851,0.0
90640,8529a1d3fffffff,0.0,0.07730962504831851,20.0
95820,852832b3fffffff,0.0,0.05798221878623889,25.0
92397,8529a023fffffff,0.0,0.0,100.0
93111,8529ac93fffffff,0.0,0.07730962504831851,0.0
93463,8529134bfffffff,0.0,0.05798221878623889,25.0
95963,85283367fffffff,0.0,0.05798221878623889,25.0
96128,852816a3fffffff,0.9803921568627451,0.07730962504831851,0.0
95421,8528311bfffffff,0.0,0.07730962504831851,0.0
93954,8529a99bfffffff,0.3838771593090211,0.038654812524159254,50.0
95327,85283643fffffff,0.0,0.05798221878623889,25.0
92259,85485963fffffff,0.6369426751592357,0.05798221878623889,25.0
96007,8528150ffffffff,0.0,0.038654812524159254,50.0
92692,8529a087fffffff,0.0,0.05798221878623889,25.0
91350,8529a103fffffff,0.0,0.05798221878623889,40.0
91106,8529a1c3fffffff,0.0,0.07730962504831851,20.0
92083,8529a477fffffff,0.0,0.07730962504831851,0.0
92036,8529a683fffffff,0.0,0.05798221878623889,25.0
95555,85281c97fffffff,0.8097165991902834,0.07730962504831851,0.0
93241,8529ac4bfffffff,0.0,0.07730962504831851,0.0
93301,8529aeb3fffffff,0.0,0.07730962504831851,0.0
93205,8529ae13fffffff,0.0,0.019327406262079627,75.0
92337,8529a007fffffff,0.0,0.038654812524159254,50.0
95628,852832bbfffffff,0.0,0.038654812524159254,50.0
92677,8529a54bfffffff,0.0,0.07730962504831851,0.0
95355,85283603fffffff,0.0,0.038654812524159254,50.0
95436,852831cbfffffff,0.0,0.07730962504831851,0.0
94619,8528309bfffffff,0.0,0.05798221878623889,25.0
95663,85283207fffffff,0.0,0.05798221878623889,25.0
95317,8529a96bfffffff,0.49504950495049505,0.07730962504831851,0.0
93553,8529a153fffffff,0.0,0.019327406262079627,75.0
91103,8529a1c3fffffff,0.0,0.05798221878623889,40.0
94112,85283097fffffff,0.0,0.05798221878623889,25.0
95460,85280683fffffff,0.0,0.038654812524159254,50.0
95401,852831cbfffffff,0.0,0.038654812524159254,50.0
91602,8529a18bfffffff,0.0,0.09663703131039815,0.0
92508,8529a017fffffff,0.0,0.05798221878623889,25.0
95110,85283473fffffff,0.0,0.038654812524159254,50.0
91906,85485927fffffff,0.0,0.038654812524159254,50.0
95610,852832bbfffffff,0.0,0.05798221878623889,25.0
95122,85283447fffffff,0.0,0.07730962504831851,0.0
93660,8529a82ffffffff,0.0,0.05798221878623889,25.0
92703,8529a0b7fffffff,0.0,0.07730962504831851,0.0
91766,8529a0affffffff,0.0,0.07730962504831851,20.0
95673,852832a3fffffff,0.0,0.05798221878623889,25.0
92831,8529a0a7fffffff,0.0,0.05798221878623889,25.0
95686,85283627fffffff,0.0,0.038654812524159254,50.0
94965,85283087fffffff,0.0,0.019327406262079627,75.0
95618,852832b7fffffff,0.30864197530864196,0.038654812524159254,50.0
91042,8529a1c7fffffff,0.0,0.038654812524159254,60.0
92865,8529a0b7fffffff,0.0,0.05798221878623889,25.0
92061,8529a46bfffffff,0.0,0.038654812524159254,33.33333333333333
92592,8529a0d7fffffff,0.0,0.23192887514495555,60.0
92274,8529a60ffffffff,0.0,0.05798221878623889,25.0
93608,8529a9cbfffffff,0.0,0.05798221878623889,25.0
96088,85281543fffffff,0.0,0.05798221878623889,25.0
92506,8529a017fffffff,0.0,0.038654812524159254,50.0
95333,8529abaffffffff,0.0,0.07730962504831851,0.0
93634,8529ab43fffffff,7.6923076923076925,0.07730962504831851,0.0
91701,8529a033fffffff,0.0,0.09663703131039815,0.0
94514,852830dbfffffff,0.0,0.019327406262079627,75.0
95348,852836c3fffffff,0.0,0.038654812524159254,50.0
95528,85280287fffffff,0.0,0.07730962504831851,0.0
91941,8529a41bfffffff,0.0,0.09663703131039815,0.0
95313,8528368ffffffff,0.0,0.05798221878623889,25.0
95337,852836abfffffff,0.0,0.07730962504831851,0.0
95945,85283277fffffff,0.0,0.07730962504831851,0.0
91755,8529a1d3fffffff,0.0,0.09663703131039815,0.0
92694,8529a087fffffff,0.8571428571428572,0.05798221878623889,25.0
92240,8529a05bfffffff,0.0,0.07730962504831851,0.0
93242,8529a877fffffff,0.0,0.07730962504831851,0.0
95008,85283473fffffff,0.0,0.05798221878623889,25.0
90604,8529a0a7fffffff,0.0,0.09663703131039815,0.0
94937,852830a7fffffff,0.0,0.05798221878623889,25.0
95661,85283217fffffff,0.0,0.05798221878623889,25.0
90275,8529a577fffffff,0.0,0.09663703131039815,0.0
95212,8528362bfffffff,0.0,0.038654812524159254,50.0
95431,85283033fffffff,0.0,0.0,100.0
93604,8529ab47fffffff,0.48939641109298526,0.05798221878623889,25.0
91377,8529a187fffffff,0.0,0.09663703131039815,0.0
96142,85298987fffffff,0.0,0.038654812524159254,33.33333333333333
93305,8529aeb3fffffff,0.0,0.07730962504831851,0.0
95335,85298dbbfffffff,0.43923865300146414,0.05798221878623889,25.0
94587,8528346ffffffff,0.0,0.038654812524159254,50.0
95540,852802a3fffffff,0.0,0.07730962504831851,0.0
93270,8529ae27fffffff,0.0,0.05798221878623889,25.0
95367,85283603fffffff,0.0,0.0,100.0
92407,8529a03bfffffff,0.0,0.07730962504831851,0.0
90744,8529a563fffffff,0.0,0.09663703131039815,0.0
95713,85283273fffffff,0.0,0.05798221878623889,25.0
95939,85283323fffffff,0.5110732538330494,0.05798221878623889,25.0
95379,8528364bfffffff,0.0,0.05798221878623889,25.0
95002,85283463fffffff,0.0,0.05798221878623889,25.0
92066,8529a6b3fffffff,1.1799410029498525,0.07730962504831851,0.0
94564,8528308ffffffff,0.0,0.038654812524159254,50.0
92114,8529a41bfffffff,0.0,0.07730962504831851,20.0
95128,85283473fffffff,0.0,0.05798221878623889,25.0
96063,8528155bfffffff,1.6129032258064515,0.038654812524159254,50.0
94124,85283083fffffff,0.0,0.07730962504831851,0.0
92359,8529a00bfffffff,0.0,0.05798221878623889,25.0
95621,852832bbfffffff,0.0,0.07730962504831851,0.0
90022,8529a1d3fffffff,0.0,0.07730962504831851,20.0
95003,8528341bfffffff,0.0,0.05798221878623889,25.0
96113,85281687fffffff,0.42283298097251587,0.07730962504831851,0.0
92545,8529a0c7fffffff,0.0,0.07730962504831851,0.0
90232,8529a19bfffffff,0.0,0.07730962504831851,20.0
92503,8529a017fffffff,0.0,0.038654812524159254,50.0
95405,85283037fffffff,0.0,0.038654812524159254,50.0
94118,85283097fffffff,0.0,0.07730962504831851,0.0
90720,8529a56bfffffff,0.0,0.07730962504831851,20.0
90602,8529a0a7fffffff,0.0,0.05798221878623889,40.0
91324,8529a18ffffffff,0.0,0.07730962504831851,20.0
93060,8529a1a7fffffff,0.0,0.038654812524159254,50.0
90670,8529a56bfffffff,0.0,0.07730962504831851,20.0
94938,852830a3fffffff,0.48721071863580995,0.07730962504831851,0.0
95224,85298da3fffffff,2.608695652173913,0.05798221878623889,25.0
93624,8529a823fffffff,0.0,0.038654812524159254,50.0
95629,852832c3fffffff,0.4705882352941176,0.07730962504831851,0.0
95376,852836a3fffffff,0.0,0.07730962504831851,0.0
91355,8529a117fffffff,0.0,0.05798221878623889,40.0
90014,8529a1d7fffffff,0.0,0.05798221878623889,25.0
93454,8529aca7fffffff,0.0,0.07730962504831851,0.0
90713,8529a56bfffffff,0.0,0.05798221878623889,40.0
95912,852833d7fffffff,0.0,0.05798221878623889,25.0
93620,8529a96bfffffff,0.0,0.07730962504831851,0.0
90301,8529a56ffffffff,0.0,0.07730962504831851,20.0
90303,8529a56ffffffff,0.0,0.05798221878623889,40.0
91406,8529a18bfffffff,0.0,0.09663703131039815,0.0
92241,8529a62bfffffff,0.0,0.05798221878623889,40.0
93603,8529aaa3fffffff,1.098901098901099,0.05798221878623889,25.0
93645,8529ab13fffffff,2.312138728323699,0.07730962504831851,0.0
95425,85283143fffffff,0.0,0.05798221878623889,25.0
95722,8528320ffffffff,0.0,0.038654812524159254,50.0
94501,85283083fffffff,0.0,0.07730962504831851,0.0
95978,852814affffffff,14.285714285714285,0.07730962504831851,0.0
92019,8529a457fffffff,0.0,0.07730962504831851,0.0
90305,8529a56ffffffff,0.0,0.09663703131039815,0.0
90262,8529a56ffffffff,0.0,0.05798221878623889,40.0
96094,85281103fffffff,0.0,0.07730962504831851,0.0
91208,8529a1c7fffffff,0.0,0.07730962504831851,20.0
95426,8528314bfffffff,0.0,0.05798221878623889,25.0
96027,852811affffffff,0.0,0.05798221878623889,25.0
93230,8529a80ffffffff,0.0,0.07730962504831851,0.0
92220,8529a057fffffff,0.0,0.07730962504831851,20.0
95638,85283293fffffff,0.0,0.05798221878623889,25.0
90703,8529a56bfffffff,0.0,0.07730962504831851,20.0
95944,852814d7fffffff,5.263157894736842,0.07730962504831851,0.0
95437,8528068ffffffff,0.0,0.07730962504831851,0.0
94134,85283097fffffff,0.0,0.07730962504831851,0.0
94933,852830a3fffffff,0.0,0.05798221878623889,25.0
90505,8529a563fffffff,0.0,0.07730962504831851,20.0
92276,8529a62ffffffff,0.0,0.07730962504831851,20.0
92377,8529a03bfffffff,0.0,0.038654812524159254,50.0
93249,8529a893fffffff,0.0,0.07730962504831851,0.0
95666,85298d37fffffff,0.0,0.05798221878623889,25.0
92782,8529a0b3fffffff,0.0,0.07730962504831851,0.0
92656,8529a54bfffffff,0.0,0.07730962504831851,0.0
93726,8529ab9bfffffff,0.0,0.05798221878623889,25.0
94588,8528346ffffffff,0.0,0.038654812524159254,50.0
92139,8529a41bfffffff,0.0,0.07730962504831851,20.0
94563,8528308bfffffff,0.0,0.05798221878623889,25.0
92707,8529a0b7fffffff,0.0,0.038654812524159254,50.0
91302,8529a183fffffff,0.0,0.09663703131039815,0.0
92662,8529a54ffffffff,0.0,0.05798221878623889,25.0
95570,8528022ffffffff,0.0,0.038654812524159254,50.0
95634,8528320bfffffff,0.0,0.07730962504831851,0.0
91752,8529a0abfffffff,0.0,0.07730962504831851,20.0
96011,852811dbfffffff,0.7547169811320755,0.038654812524159254,50.0
91710,8529a0abfffffff,0.0,0.05798221878623889,40.0
95565,852802b3fffffff,0.0,0.07730962504831851,0.0
95549,852802bbfffffff,1.5151515151515151,0.07730962504831851,0.0
95206,85283637fffffff,0.0,0.05798221878623889,25.0
93434,8529136ffffffff,0.0,0.05798221878623889,25.0
95624,85283287fffffff,0.0,0.038654812524159254,50.0
95919,85281483fffffff,0.0,0.05798221878623889,25.0
95017,85283407fffffff,0.2333722287047841,0.038654812524159254,50.0
95449,8528317bfffffff,0.0,0.05798221878623889,25.0
90077,8529a18bfffffff,0.0,0.09663703131039815,0.0
95981,8528148bfffffff,1.9801980198019802,0.038654812524159254,50.0
93257,8529ae27fffffff,0.0,0.05798221878623889,25.0
95655,8528328ffffffff,0.2152852529601722,0.038654812524159254,50.0
90007,8529a1d7fffffff,0.0,0.05798221878623889,40.0
92258,8529a05bfffffff,0.273224043715847,0.038654812524159254,50.0
92881,8529a0bbfffffff,0.0,0.07730962504831851,0.0
90067,8529a19bfffffff,0.0,0.09663703131039815,0.0
95974,8528334ffffffff,5.405405405405405,0.07730962504831851,0.0
92551,8529a013fffffff,0.0,0.05798221878623889,25.0
94709,8528308bfffffff,0.0,0.05798221878623889,25.0
94066,85283093fffffff,0.0,0.05798221878623889,25.0
95824,852832b3fffffff,0.0,0.05798221878623889,25.0
91321,8529a113fffffff,0.0,0.07730962504831851,20.0
94945,852830abfffffff,0.0,0.019327406262079627,75.0
93458,8529136bfffffff,0.0,0.07730962504831851,0.0
92371,8529a02ffffffff,0.0,0.038654812524159254,50.0
92069,8529a477fffffff,0.0,0.07730962504831851,0.0
95553,8528062ffffffff,0.11534025374855825,0.019327406262079627,75.0
95672,85283213fffffff,0.0,0.05798221878623889,25.0
96140,852989bbfffffff,0.0,0.038654812524159254,50.0
94559,85283007fffffff,0.0,0.05798221878623889,25.0
91354,8529a117fffffff,0.0,0.07730962504831851,20.0
93276,8529ac7bfffffff,1.694915254237288,0.07730962504831851,0.0
90401,8529a19bfffffff,0.0,0.09663703131039815,0.0
94022,85283477fffffff,0.0,0.07730962504831851,0.0
95817,852832b3fffffff,0.0,0.05798221878623889,25.0
94706,8528308ffffffff,0.0,0.038654812524159254,50.0
92027,8529a47bfffffff,0.0,0.4445303440278315,39.473684210526315
95257,852832dbfffffff,0.9195402298850575,0.07730962504831851,0.0
94708,8528308bfffffff,0.0,0.05798221878623889,25.0
90402,8529a19bfffffff,0.0,0.07730962504831851,20.0
95468,8528313bfffffff,0.0,0.05798221878623889,25.0
95407,85283037fffffff,0.0,0.038654812524159254,50.0
92128,8529a473fffffff,0.0,0.07730962504831851,20.0
91401,8529a18bfffffff,0.0,0.07730962504831851,20.0
92352,8529a077fffffff,0.0,0.07730962504831851,0.0
95615,8528305bfffffff,0.5722460658082975,0.07730962504831851,0.0
91711,8529a037fffffff,0.0,0.05798221878623889,40.0
90265,8529a197fffffff,0.0,0.07730962504831851,20.0
95991,85283237fffffff,0.0,0.07730962504831851,0.0
95134,85283463fffffff,0.0,0.05798221878623889,25.0
92866,8529a0b7fffffff,0.0,0.07730962504831851,0.0
91345,8529a113fffffff,0.0,0.05798221878623889,40.0
93720,8529ab8bfffffff,0.0,0.05798221878623889,25.0
95527,8528020bfffffff,0.6185567010309279,0.05798221878623889,25.0
92567,8529a01bfffffff,0.0,0.05798221878623889,25.0
93308,8529aea3fffffff,0.0,0.07730962504831851,0.0
96061,8528142ffffffff,3.8461538461538463,0.05798221878623889,25.0
90026,8529a1d7fffffff,0.0,0.07730962504831851,20.0
90807,8529a56bfffffff,0.0,0.05798221878623889,40.0
95340,8529aba7fffffff,0.0,0.07730962504831851,0.0
92014,8529a40ffffffff,0.0,0.038654812524159254,33.33333333333333
90064,8529a19bfffffff,0.0,0.09663703131039815,0.0
96108,85281237fffffff,2.8846153846153846,0.05798221878623889,0.0
94601,8528309bfffffff,0.0,0.019327406262079627,75.0
95627,8528339bfffffff,0.0,0.07730962504831851,0.0
95682,85283213fffffff,0.0,0.07730962504831851,0.0
95225,85283667fffffff,14.814814814814813,0.07730962504831851,0.0
95955,85283303fffffff,0.0,0.05798221878623889,25.0
95689,852832c3fffffff,0.0,0.07730962504831851,0.0
92309,8529849bfffffff,0.33185840707964603,0.05798221878623889,25.0
91601,8529a18bfffffff,0.0,0.019327406262079627,75.0
93313,8529ac43fffffff,0.0,0.07730962504831851,0.0
91101,8529a1c3fffffff,0.0,0.09663703131039815,0.0
95560,8528062ffffffff,0.0,0.05798221878623889,25.0
92252,8529a283fffffff,0.0,0.07730962504831851,0.0
95923,85281477fffffff,2.3255813953488373,0.038654812524159254,50.0
95386,852836cffffffff,0.0,0.038654812524159254,50.0
95382,852836c7fffffff,0.0,0.038654812524159254,50.0
95020,85283453fffffff,0.0,0.05798221878623889,25.0
92586,8529a08bfffffff,0.0,0.038654812524159254,50.0
93704,8529ab9bfffffff,0.0,0.07730962504831851,0.0
92675,8529a097fffffff,0.0,0.07730962504831851,0.0
91506,8529a1d7fffffff,0.0,0.09663703131039815,0.0
95832,8528304bfffffff,0.0,0.07730962504831851,0.0
95942,85281433fffffff,0.0,0.05798221878623889,25.0
93654,8529a86bfffffff,0.0,0.07730962504831851,0.0
91739,8529a033fffffff,0.0,0.07730962504831851,20.0
96068,8528100ffffffff,1.25,0.05798221878623889,25.0
90027,8529a1d7fffffff,0.0,0.05798221878623889,40.0
96087,8528153bfffffff,0.5681818181818182,0.05798221878623889,0.0
96091,85281187fffffff,0.2724795640326975,0.038654812524159254,50.0
92124,8529a41bfffffff,0.0,0.07730962504831851,20.0
93110,8529ac93fffffff,0.0,0.0,100.0
95246,85298da7fffffff,0.0,0.05798221878623889,25.0
90008,8529a19bfffffff,0.0,0.09663703131039815,0.0
94566,8528346bfffffff,0.0,0.05798221878623889,25.0
95315,852836d7fffffff,0.0,0.019327406262079627,75.0
92356,8529a06bfffffff,0.0,0.038654812524159254,50.0
95962,85281493fffffff,0.0,0.07730962504831851,0.0
96097,8528112bfffffff,0.0,0.07730962504831851,0.0
93040,8529a1abfffffff,0.0,0.019327406262079627,75.0
93274,8529a857fffffff,0.0,0.05798221878623889,25.0
94707,8528308ffffffff,0.0,0.05798221878623889,25.0
93402,8529ad13fffffff,0.0,0.05798221878623889,25.0
95323,852836cffffffff,0.0,0.038654812524159254,50.0
96015,8528106ffffffff,0.7194244604316548,0.05798221878623889,25.0
94020,8528340ffffffff,0.0,0.07730962504831851,0.0
96141,85298987fffffff,0.2331002331002331,0.038654812524159254,33.33333333333333
94306,85283477fffffff,0.0,0.05798221878623889,25.0
95432,85280693fffffff,0.7832898172323759,0.05798221878623889,25.0
91360,8529a1b3fffffff,0.0,0.07730962504831851,20.0
91770,8529a1d3fffffff,0.0,0.038654812524159254,60.0
94513,852830dbfffffff,0.0,0.07730962504831851,0.0
93637,8529a94bfffffff,0.0,0.05798221878623889,25.0
92057,8529a467fffffff,0.0,0.038654812524159254,33.33333333333333
95747,852832abfffffff,0.0,0.07730962504831851,0.0
93243,8529a127fffffff,0.0,0.05798221878623889,25.0
95834,852832a3fffffff,0.0,0.07730962504831851,0.0
92256,8529a04bfffffff,0.0,0.09663703131039815,0.0
92591,8529a0d7fffffff,0.0,0.038654812524159254,50.0
94904,852830bbfffffff,0.0,0.05798221878623889,25.0
95251,8528364ffffffff,0.8695652173913043,0.07730962504831851,50.0
92606,8529a0b3fffffff,0.0,0.05798221878623889,25.0
95207,85283623fffffff,0.0,0.05798221878623889,25.0
94525,85283013fffffff,0.0,0.038654812524159254,50.0
94538,85283463fffffff,0.0,0.038654812524159254,50.0
95245,852832d3fffffff,0.0,0.07730962504831851,0.0
96148,852989bbfffffff,0.2949852507374631,0.038654812524159254,50.0
96013,852810a7fffffff,0.0,0.038654812524159254,50.0
95993,852833cbfffffff,0.0,0.038654812524159254,50.0
93530,8529aacbfffffff,5.633802816901409,0.07730962504831851,0.0
90802,8529a563fffffff,0.0,0.05798221878623889,40.0
93710,8529ab9bfffffff,0.0,0.07730962504831851,0.0
94567,85283393fffffff,0.20242914979757085,0.019327406262079627,75.0
93432,8529ad57fffffff,0.0,0.07730962504831851,0.0
92004,8529a68ffffffff,0.0,0.05798221878623889,0.0
93554,8529a337fffffff,2.564102564102564,0.05798221878623889,25.0
91361,8529124bfffffff,0.0,0.07730962504831851,20.0
95648,85283233fffffff,0.0,0.07730962504831851,0.0
90023,8529a1d3fffffff,0.0,0.05798221878623889,40.0
90211,8529a19bfffffff,0.0,0.07730962504831851,20.0
95004,852834cbfffffff,0.0,0.05798221878623889,25.0
96024,85281537fffffff,0.20833333333333334,0.038654812524159254,50.0
93266,8529a807fffffff,0.0,0.05798221878623889,25.0
91606,8529a18bfffffff,0.0,0.07730962504831851,20.0
95312,852836c3fffffff,7.2727272727272725,0.07730962504831851,0.0
90704,8529a503fffffff,0.0,0.05798221878623889,40.0
90047,8529a56ffffffff,0.0,0.07730962504831851,20.0
93534,8529a147fffffff,0.0,0.05798221878623889,25.0
93449,8529add7fffffff,0.0,0.038654812524159254,33.33333333333333
95703,8528320ffffffff,0.0,0.05798221878623889,25.0
94565,852830cffffffff,0.0,0.05798221878623889,25.0
94972,852831dbfffffff,4.545454545454546,0.05798221878623889,25.0
93646,8529a86bfffffff,0.0,0.07730962504831851,0.0
95814,852832b3fffffff,0.0,0.05798221878623889,25.0
94123,85283083fffffff,0.0,0.038654812524159254,50.0
95050,85283473fffffff,0.0,0.038654812524159254,50.0
92285,8529a2b3fffffff,0.0,0.07730962504831851,0.0
90280,8529a56ffffffff,0.0,0.09663703131039815,0.0
90003,8529a56ffffffff,0.0,0.07730962504831851,20.0
90038,8529a1d7fffffff,0.0,0.07730962504831851,20.0
95684,852832c3fffffff,0.0,0.07730962504831851,0.0
94044,8528342ffffffff,0.0,0.07730962504831851,0.0
95687,85283047fffffff,0.0,0.07730962504831851,0.0
93514,8529aa73fffffff,0.0,0.07730962504831851,0.0
95943,8528337bfffffff,0.0,0.07730962504831851,0.0
95041,85283403fffffff,5.194805194805195,0.07730962504831851,0.0
95567,85281c33fffffff,0.0,0.0,100.0
95305,8528365bfffffff,1.1976047904191618,0.038654812524159254,50.0
94550,852836b7fffffff,0.0,0.05798221878623889,25.0
93651,8529abc7fffffff,0.0,0.05798221878623889,25.0
96114,852816b7fffffff,0.0,0.07730962504831851,0.0
92887,8529a0a3fffffff,0.0,0.038654812524159254,50.0
90040,8529a1d3fffffff,0.0,0.09663703131039815,0.0
95961,85283237fffffff,0.0,0.05798221878623889,25.0
93627,8529a827fffffff,1.9736842105263157,0.05798221878623889,25.0
95448,85283153fffffff,0.0,0.05798221878623889,25.0
93001,8529126bfffffff,0.0,0.038654812524159254,50.0
90006,8529a1d7fffffff,0.0,0.07730962504831851,20.0
93648,8529a863fffffff,0.0,0.05798221878623889,25.0
94526,852830d7fffffff,0.0,0.05798221878623889,25.0
94970,852830b3fffffff,0.3841229193341869,0.05798221878623889,25.0
92342,8529a38bfffffff,0.0,0.07730962504831851,0.0
90731,8529a563fffffff,0.0,0.07730962504831851,20.0
95914,85281497fffffff,0.3194888178913738,0.038654812524159254,50.0
95112,85283473fffffff,0.0,0.05798221878623889,25.0
94305,85283477fffffff,0.0,0.07730962504831851,0.0
91205,8529a1d7fffffff,0.0,0.07730962504831851,20.0
92651,8529a54bfffffff,0.0,0.05798221878623889,25.0
92807,8529a0a3fffffff,0.0,0.038654812524159254,50.0
94019,8528342bfffffff,0.0,0.05798221878623889,25.0
92281,8529a6dbfffffff,0.0,0.05798221878623889,25.0
93653,8529ab07fffffff,0.411522633744856,0.07730962504831851,0.0
93529,85298ca3fffffff,0.6472491909385114,0.07730962504831851,0.0
95765,852832abfffffff,0.0,0.07730962504831851,0.0
94080,85283093fffffff,0.0,0.038654812524159254,50.0
90732,8529a563fffffff,0.0,0.07730962504831851,20.0
94590,85283013fffffff,0.0,0.038654812524159254,50.0
95546,8528022bfffffff,0.0,0.05798221878623889,25.0
92683,8529a0b7fffffff,0.0,0.07730962504831851,0.0
93254,8529ac17fffffff,0.37593984962406013,0.05798221878623889,25.0
91320,8529a1b3fffffff,0.0,0.09663703131039815,0.0
93287,8529ae33fffffff,2.272727272727273,0.038654812524159254,50.0
93666,8529a87bfffffff,1.3071895424836601,0.07730962504831851,0.0
90650,8529a56bfffffff,0.0,0.09663703131039815,0.0
95937,852833c3fffffff,10.526315789473683,0.038654812524159254,50.0
90221,8529a56ffffffff,0.0,0.05798221878623889,40.0
96130,852810dbfffffff,0.0,0.038654812524159254,50.0
93427,8529134ffffffff,0.0,0.038654812524159254,50.0
96107,85298d57fffffff,0.0,0.07730962504831851,0.0
92386,8529a04ffffffff,0.0,0.05798221878623889,25.0
96031,8528026bfffffff,2.3529411764705883,0.07730962504831851,0.0
91007,8529a1c3fffffff,0.0,0.07730962504831851,20.0
95683,85283283fffffff,0.0,0.038654812524159254,50.0
92082,8529a463fffffff,0.0,0.05798221878623889,0.0
92844,8529a0b7fffffff,0.0,0.05798221878623889,25.0
90403,8529a19bfffffff,0.0,0.05798221878623889,40.0
90044,8529a56ffffffff,0.0,0.07730962504831851,20.0
94523,852830c7fffffff,0.0,0.05798221878623889,25.0
91722,8529a1dbfffffff,0.0,0.05798221878623889,40.0
95369,852836cbfffffff,0.0,0.038654812524159254,50.0
91342,8529a113fffffff,0.0,0.07730962504831851,20.0
94598,852830c7fffffff,0.0,0.05798221878623889,25.0
95363,85283687fffffff,0.0,0.05798221878623889,25.0
92673,8529a097fffffff,0.0,0.07730962504831851,0.0
90601,8529a1d3fffffff,0.0,0.09663703131039815,0.0
90291,8529a19bfffffff,0.0,0.07730962504831851,20.0
96146,852989b3fffffff,0.42462845010615713,0.07730962504831851,0.0
95956,85281403fffffff,0.9966777408637874,0.05798221878623889,25.0
95210,85283623fffffff,0.0,0.05798221878623889,25.0
95977,8528322bfffffff,0.4153686396677051,0.07730962504831851,0.0
94806,8528308ffffffff,0.0,0.05798221878623889,25.0
91405,8529a18bfffffff,0.0,0.09663703131039815,0.0
93614,8529ab03fffffff,0.0,0.07730962504831851,0.0
95140,8528344ffffffff,10.526315789473683,0.07730962504831851,0.0
91803,8529a1d3fffffff,0.0,0.05798221878623889,40.0
91325,8529a18ffffffff,0.0,0.07730962504831851,20.0
93621,8529aaa7fffffff,0.592885375494071,0.05798221878623889,25.0
92845,8529a0b7fffffff,0.0,0.05798221878623889,25.0
93664,8529ab5bfffffff,0.3115264797507788,0.038654812524159254,50.0
94025,85283477fffffff,0.0,0.07730962504831851,0.0
95715,8528326bfffffff,1.6216216216216217,0.05798221878623889,25.0
95365,8529abaffffffff,0.0,0.038654812524159254,50.0
96028,852810abfffffff,0.0,0.05798221878623889,25.0
94103,85283083fffffff,0.0,0.07730962504831851,0.0
95219,85283623fffffff,0.0,0.05798221878623889,25.0
95959,8528326ffffffff,0.0,0.05798221878623889,25.0
93277,8529a847fffffff,0.0,0.038654812524159254,50.0
90029,8529a1d7fffffff,0.0,0.05798221878623889,40.0
90015,8529a1d7fffffff,0.0,0.07730962504831851,20.0
92236,8529a63bfffffff,0.0,0.07730962504831851,0.0
95709,852832cffffffff,0.0,0.05798221878623889,25.0
95130,85283473fffffff,0.0,0.05798221878623889,25.0
95358,85283617fffffff,0.0,0.038654812524159254,50.0
95714,85283263fffffff,0.5714285714285714,0.038654812524159254,50.0
95463,85280693fffffff,2.027027027027027,0.05798221878623889,25.0
95223,85298da3fffffff,0.0,0.05798221878623889,25.0
92116,8529a41bfffffff,0.0,0.07730962504831851,0.0
96134,852813bbfffffff,0.0,0.07730962504831851,0.0
95470,852806d7fffffff,0.0,0.05798221878623889,25.0
95148,85283447fffffff,0.0,0.07730962504831851,0.0
94586,8528346bfffffff,0.37974683544303794,0.05798221878623889,25.0
92646,8529a54ffffffff,0.0,0.05798221878623889,25.0
95635,8528320bfffffff,0.0,0.038654812524159254,50.0
92504,8529a017fffffff,0.0,0.07730962504831851,0.0
92230,8529a053fffffff,0.0,0.07730962504831851,20.0
90036,8529a1d7fffffff,0.0,0.07730962504831851,20.0
92108,8529a41bfffffff,0.0,0.038654812524159254,33.33333333333333
95829,85283287fffffff,0.0,0.05798221878623889,25.0
90004,8529a1d7fffffff,0.0,0.05798221878623889,40.0
90254,8529a567fffffff,0.0,0.038654812524159254,60.0
90245,8529a567fffffff,0.0,0.07730962504831851,20.0
93926,8529a9a3fffffff,0.0,0.07730962504831851,0.0
93280,8529ac6ffffffff,0.0,0.05798221878623889,25.0
93306,8529aebbfffffff,0.0,0.05798221878623889,25.0
90623,8529a56bfffffff,0.0,0.038654812524159254,60.0
94110,85283083fffffff,0.0,0.05798221878623889,25.0
93224,8529ac73fffffff,0.1597444089456869,0.019327406262079627,75.0
94952,852830affffffff,0.0,0.07730962504831851,0.0
92539,8529a0dbfffffff,0.0,0.038654812524159254,50.0
95461,85283397fffffff,0.0,0.07730962504831851,0.0
95728,852989b7fffffff,2.272727272727273,0.038654812524159254,50.0
95233,85298db7fffffff,0.5970149253731344,0.038654812524159254,50.0
94520,852830c7fffffff,0.0,0.019327406262079627,75.0
92867,8529a0a3fffffff,0.0,0.07730962504831851,0.0
92154,8529a4c7fffffff,0.0,0.05798221878623889,25.0
94703,8528308bfffffff,0.0,0.038654812524159254,50.0
91762,8529a0affffffff,0.0,0.07730962504831851,20.0
92203,8529a62bfffffff,0.0,0.09663703131039815,0.0
93461,8529ad43fffffff,0.0,0.07730962504831851,0.0
96006,85281073fffffff,0.3252032520325203,0.038654812524159254,50.0
94104,85283083fffffff,0.5208333333333333,0.038654812524159254,50.0
95954,852814affffffff,0.0,0.05798221878623889,25.0
96136,852816bbfffffff,1.8518518518518516,0.05798221878623889,25.0
90501,8529a563fffffff,0.0,0.05798221878623889,40.0
92780,8529a0b3fffffff,0.0,0.05798221878623889,25.0
94939,852830bbfffffff,0.0,0.038654812524159254,50.0
91108,8529a1c3fffffff,0.0,0.05798221878623889,40.0
92595,8529a08bfffffff,0.0,0.07730962504831851,0.0
90266,8529a567fffffff,0.0,0.09663703131039815,0.0
95301,852836d3fffffff,0.0,0.038654812524159254,50.0
93219,8529a8c3fffffff,0.0,0.05798221878623889,25.0
90712,8529a56bfffffff,0.0,0.019327406262079627,85.71428571428571
94403,8528342bfffffff,0.0,0.05798221878623889,25.0
95564,852802affffffff,0.7594936708860759,0.05798221878623889,25.0
95521,85280233fffffff,0.0,0.07730962504831851,0.0
94971,852831dbfffffff,0.78125,0.05798221878623889,25.0
92106,8529a413fffffff,0.0,0.05798221878623889,0.0
90049,8529a19bfffffff,0.0,0.05798221878623889,40.0
93665,8529a97bfffffff,0.2915451895043732,0.019327406262079627,75.0
90068,8529a1d7fffffff,0.0,0.07730962504831851,20.0
93012,8529a1b3fffffff,0.0,0.05798221878623889,25.0
91001,8529a1c3fffffff,0.0,0.07730962504831851,20.0
91977,8529a41bfffffff,0.0,0.07730962504831851,20.0
93285,8529ae07fffffff,0.0,0.05798221878623889,0.0
94041,85283477fffffff,0.0,0.07730962504831851,0.0
94005,85283093fffffff,0.0,0.05798221878623889,25.0
95660,852832bbfffffff,0.0,0.07730962504831851,0.0
94702,8528308bfffffff,0.0,0.07730962504831851,0.0
95018,85283403fffffff,0.0,0.05798221878623889,25.0
93549,852985affffffff,0.9433962264150944,0.05798221878623889,25.0
94710,8528308ffffffff,0.0,0.05798221878623889,25.0
91006,8529a1c3fffffff,0.0,0.09663703131039815,0.0
92314,8529a04ffffffff,0.0,0.038654812524159254,33.33333333333333
91746,8529a1dbfffffff,0.0,0.038654812524159254,60.0
91740,8529a1dbfffffff,0.0,0.07730962504831851,20.0
93657,8529abd3fffffff,0.0,0.05798221878623889,25.0
92657,8529a54bfffffff,0.0,0.05798221878623889,25.0
90270,8529a1d3fffffff,0.0,0.09663703131039815,0.0
95694,85283063fffffff,0.0,0.038654812524159254,50.0
94038,8528342ffffffff,0.0,0.07730962504831851,0.0
93208,8529ae2bfffffff,1.0471204188481675,0.038654812524159254,50.0
91024,8529a1c3fffffff,0.0,0.07730962504831851,20.0
92304,8529a257fffffff,9.523809523809524,0.07730962504831851,20.0
91980,8529a4cbfffffff,5.4945054945054945,0.09663703131039815,0.0
92879,8529a0abfffffff,0.0,0.07730962504831851,0.0
93541,85298ca7fffffff,0.5952380952380952,0.05798221878623889,25.0
90028,8529a1d7fffffff,0.0,0.019327406262079627,83.33333333333334
92113,8529a41bfffffff,0.0,0.05798221878623889,40.0
93437,8529137bfffffff,0.0,0.019327406262079627,66.66666666666666
90808,8529a56bfffffff,0.0,0.05798221878623889,40.0
94903,852830bbfffffff,0.0,0.038654812524159254,50.0
95465,852831c3fffffff,0.0,0.07730962504831851,0.0
95360,85283683fffffff,0.0,0.05798221878623889,25.0
95132,8528347bfffffff,0.0,0.05798221878623889,25.0
91764,8529a033fffffff,0.0,0.05798221878623889,40.0
94805,8528308ffffffff,0.0,0.038654812524159254,50.0
93235,8529a84ffffffff,0.0,0.05798221878623889,25.0
95631,85283273fffffff,0.0,0.07730962504831851,0.0
91790,8529a1dbfffffff,0.0,0.07730962504831851,20.0
93643,8529ab57fffffff,0.0,0.05798221878623889,25.0
93440,8529acb7fffffff,0.0,0.038654812524159254,33.33333333333333
92358,8529a023fffffff,0.0,0.05798221878623889,25.0
94506,852830d3fffffff,0.0,0.07730962504831851,0.0
95345,8529ab2bfffffff,0.9237875288683602,0.07730962504831851,0.0
95012,852834c3fffffff,0.0,0.07730962504831851,0.0
95625,85283047fffffff,1.1695906432748537,0.038654812524159254,50.0
93453,8529adcbfffffff,0.0,0.07730962504831851,0.0
95060,85283413fffffff,0.0,0.038654812524159254,50.0
90822,8529a57bfffffff,0.9411764705882352,0.07730962504831851,20.0
92368,8529a39bfffffff,0.33003300330033003,0.05798221878623889,25.0
91202,8529a1d7fffffff,0.0,0.05798221878623889,40.0
94502,8528309bfffffff,0.0,0.07730962504831851,0.0
94946,852830a3fffffff,0.4942339373970346,0.05798221878623889,25.0
96058,852813b7fffffff,0.49019607843137253,0.07730962504831851,0.0
95492,85283027fffffff,0.0,0.07730962504831851,0.0
90247,8529a56ffffffff,0.0,0.09663703131039815,0.0
96029,85281593fffffff,3.571428571428571,0.05798221878623889,25.0
92688,8529a087fffffff,0.0,0.05798221878623889,25.0
95330,85283633fffffff,0.0,0.038654812524159254,50.0
95681,85283233fffffff,0.0,0.05798221878623889,25.0
95957,852833c3fffffff,0.5154639175257731,0.07730962504831851,0.0
92250,85485babfffffff,0.0,0.038654812524159254,0.0
94577,8528309bfffffff,0.0,0.07730962504831851,0.0
92275,8529a613fffffff,0.6257822277847309,0.09663703131039815,0.0
94555,85283467fffffff,0.0,0.038654812524159254,50.0
95926,8528336bfffffff,0.0,0.05798221878623889,25.0
93003,8529127bfffffff,0.0,0.038654812524159254,50.0
95316,852836c7fffffff,0.0,0.05798221878623889,25.0
93265,8529aa93fffffff,0.0,0.07730962504831851,0.0
91741,8529a1dbfffffff,0.0,0.07730962504831851,20.0
90021,8529a1d7fffffff,0.0,0.09663703131039815,0.0
90723,8529a56bfffffff,0.0,0.07730962504831851,20.0
96069,8528157bfffffff,0.24125452352231602,0.038654812524159254,50.0
96022,85281517fffffff,0.0,0.05798221878623889,25.0
95547,852802b3fffffff,0.0,0.038654812524159254,50.0
93516,8529a3a3fffffff,0.0,0.05798221878623889,25.0
91331,8529a18bfffffff,0.0,0.05798221878623889,40.0
92401,8529a00ffffffff,0.0,0.038654812524159254,50.0
92227,85485b33fffffff,0.0,0.07730962504831851,20.0
93309,8529aeb3fffffff,0.0,0.07730962504831851,0.0
92843,8529a0b7fffffff,0.0,0.05798221878623889,25.0
93625,8529a867fffffff,0.0,0.05798221878623889,25.0
91604,8529a18bfffffff,0.0,0.09663703131039815,0.0
90002,8529a56ffffffff,0.0,0.07730962504831851,0.0
94105,85283083fffffff,0.0,0.038654812524159254,50.0
94519,852830c7fffffff,0.0,0.05798221878623889,25.0
93424,8529add7fffffff,0.49261083743842365,0.07730962504831851,0.0
90621,8529a56bfffffff,0.0,0.05798221878623889,40.0
93901,8529a9a7fffffff,0.0,0.038654812524159254,50.0
95139,85283447fffffff,0.0,0.05798221878623889,25.0
91356,8529a183fffffff,0.0,0.05798221878623889,40.0
95762,85283213fffffff,0.0,0.07730962504831851,0.0
95514,85280293fffffff,2.0100502512562812,0.07730962504831851,0.0
93010,8529124ffffffff,0.0,0.019327406262079627,75.0
93212,8529a81bfffffff,0.0,0.05798221878623889,25.0
94956,852830b7fffffff,0.0,0.05798221878623889,25.0
94061,8528342bfffffff,0.0,0.05798221878623889,25.0
94558,85283077fffffff,0.0,0.038654812524159254,50.0
95930,85281483fffffff,1.0638297872340425,0.05798221878623889,25.0
93021,8529a1bbfffffff,0.0,0.038654812524159254,50.0
94127,85283097fffffff,0.0,0.038654812524159254,50.0
93725,8529a867fffffff,0.0,0.07730962504831851,0.0
93420,8529adc3fffffff,0.0,0.07730962504831851,0.0
92557,8529a003fffffff,0.0,0.038654812524159254,50.0
91351,8529a103fffffff,0.0,0.05798221878623889,40.0
92173,8529a4c7fffffff,0.0,0.07730962504831851,20.0
95135,85283447fffffff,0.0,0.019327406262079627,75.0
93226,8529ae33fffffff,1.3513513513513513,0.07730962504831851,0.0
94931,85283037fffffff,0.0,0.038654812524159254,50.0
95864,852832bbfffffff,0.0,0.05798221878623889,25.0
90815,8529a56bfffffff,0.0,0.09663703131039815,0.0
94951,85283033fffffff,0.0,0.07730962504831851,0.0
92585,8529a0c7fffffff,0.0,0.07730962504831851,0.0
90803,8529a57bfffffff,0.0,0.09663703131039815,0.0
91403,8529a18bfffffff,0.0,0.07730962504831851,20.0
95372,8528364bfffffff,0.0,0.038654812524159254,50.0
92346,8529a00ffffffff,0.0,0.05798221878623889,0.0
92562,8529a083fffffff,0.0,0.07730962504831851,0.0
90001,8529a56ffffffff,0.0,0.05798221878623889,25.0
94923,852831c3fffffff,0.0,0.05798221878623889,25.0
94569,85283013fffffff,1.1560693641618496,0.038654812524159254,50.0
95226,8528366ffffffff,4.0,0.05798221878623889,25.0
95819,852832b3fffffff,0.0,0.05798221878623889,25.0
94925,85283087fffffff,0.0,0.05798221878623889,25.0
95070,8528340ffffffff,0.0,0.07730962504831851,0.0
94618,8528308bfffffff,0.0,0.05798221878623889,25.0
94963,852830a3fffffff,0.7299270072992701,0.07730962504831851,0.0
95037,85283443fffffff,0.0,0.038654812524159254,50.0
95946,8528322bfffffff,0.0,0.07730962504831851,0.0
95251,85298da7fffffff,0.8695652173913043,0.07730962504831851,50.0
95910,852814d7fffffff,3.389830508474576,0.07730962504831851,0.0
90813,8529a563fffffff,0.0,0.07730962504831851,20.0
93513,8529aa6bfffffff,0.0,0.05798221878623889,25.0
92266,85485b63fffffff,1.718213058419244,0.09663703131039815,0.0
96074,85281597fffffff,0.38022813688212925,0.019327406262079627,75.0
94964,852830bbfffffff,0.0,0.07730962504831851,0.0
95320,8528360ffffffff,0.0,0.07730962504831851,0.0
93543,8529a153fffffff,0.0,0.07730962504831851,0.0
90058,8529a56ffffffff,0.0,0.05798221878623889,40.0
90630,8529a56bfffffff,0.0,0.09663703131039815,0.0
93218,8529ae37fffffff,0.3645200486026731,0.05798221878623889,25.0
95010,8528341bfffffff,0.0,0.05798221878623889,25.0
96039,85281c1bfffffff,0.0,0.038654812524159254,50.0
93907,852834dbfffffff,0.0,0.07730962504831851,0.0
92078,8529a477fffffff,0.0,0.05798221878623889,25.0
92223,8529a057fffffff,0.0,0.07730962504831851,20.0
95488,85280607fffffff,0.9708737864077669,0.05798221878623889,25.0
93015,8529a1a3fffffff,0.0,0.07730962504831851,0.0
92107,8529a413fffffff,0.0,0.09663703131039815,0.0
95630,85283217fffffff,0.0,0.038654812524159254,50.0
90032,8529a1d7fffffff,0.0,0.07730962504831851,20.0
95511,85280667fffffff,1.1494252873563218,0.05798221878623889,25.0
95237,8528362bfffffff,0.0,0.05798221878623889,25.0
94561,852830cbfffffff,0.0,0.05798221878623889,25.0
90010,8529a1d7fffffff,0.0,0.038654812524159254,50.0
95388,852836c3fffffff,0.0,0.05798221878623889,25.0
93201,8529a8c7fffffff,0.0,0.019327406262079627,75.0
96076,852815affffffff,1.3953488372093024,0.05798221878623889,25.0
95202,85283623fffffff,0.0,0.038654812524159254,50.0
95423,852833bbfffffff,0.0,0.038654812524159254,50.0
91607,8529a18bfffffff,0.0,0.07730962504831851,20.0
93908,8529a9a7fffffff,0.0,0.05798221878623889,25.0
90810,8529a563fffffff,0.0,0.038654812524159254,60.0
91932,8529a4c7fffffff,0.0,0.05798221878623889,25.0
92544,8529a0c3fffffff,0.0,0.05798221878623889,25.0
90057,8529a1d7fffffff,0.0,0.07730962504831851,20.0
91792,8529a0a7fffffff,0.0,0.07730962504831851,20.0
96048,85280243fffffff,0.544959128065395,0.07730962504831851,0.0
95815,852832b3fffffff,0.0,0.038654812524159254,50.0
91105,8529a1c3fffffff,0.0,0.05798221878623889,40.0
93109,8529ac93fffffff,0.0,0.07730962504831851,0.0
95602,8528320ffffffff,0.0,0.038654812524159254,50.0
93101,85291267fffffff,0.0,0.038654812524159254,50.0
90290,8529a183fffffff,0.0,0.07730962504831851,20.0
95045,8529a937fffffff,0.0,0.05798221878623889,25.0
91709,8529a0a3fffffff,0.0,0.09663703131039815,0.0
95934,85281473fffffff,1.6853932584269662,0.05798221878623889,25.0
90745,8529a563fffffff,0.0,0.05798221878623889,40.0
95662,85283217fffffff,0.0,0.019327406262079627,75.0
95835,852832a3fffffff,0.234192037470726,0.038654812524159254,50.0
93271,8529aa87fffffff,0.0,0.07730962504831851,0.0
91748,8529a0a7fffffff,0.0,0.038654812524159254,60.0
93067,85291267fffffff,0.1736111111111111,0.019327406262079627,75.0
95903,85283223fffffff,0.0,0.05798221878623889,25.0
93215,8529a8dbfffffff,0.0,0.038654812524159254,50.0
96051,85281193fffffff,0.0,0.05798221878623889,25.0
93222,8529accffffffff,0.0,0.05798221878623889,25.0
90062,8529a56ffffffff,0.0,0.038654812524159254,60.0
95111,85283447fffffff,0.0,0.05798221878623889,25.0
95936,852814c3fffffff,0.7425742574257426,0.05798221878623889,25.0
95428,85280647fffffff,0.0,0.05798221878623889,25.0
95249,8528366bfffffff,0.0,0.07730962504831851,0.0
94065,85283467fffffff,0.0,0.07730962504831851,0.0
92003,8529a467fffffff,0.0,0.05798221878623889,25.0
93108,8529ac9bfffffff,0.0,0.038654812524159254,50.0
90071,8529a1d7fffffff,14.285714285714285,0.05798221878623889,40.0
92328,8529850bfffffff,0.9029345372460496,0.07730962504831851,0.0
96084,852811d3fffffff,0.6535947712418301,0.05798221878623889,25.0
90019,8529a1d7fffffff,0.0,0.07730962504831851,0.0
96073,85281573fffffff,0.0,0.038654812524159254,50.0
96133,85298d7bfffffff,2.586206896551724,0.05798221878623889,0.0
96085,85281c53fffffff,4.545454545454546,0.07730962504831851,0.0
91915,8529a4c7fffffff,0.0,0.05798221878623889,25.0
94521,852830c7fffffff,0.0,0.038654812524159254,50.0
95828,85283287fffffff,0.0,0.038654812524159254,50.0
90041,8529a1d7fffffff,0.0,0.05798221878623889,40.0
95668,852832affffffff,0.22197558268590456,0.038654812524159254,50.0
93928,8529ad2ffffffff,0.7874015748031495,0.038654812524159254,50.0
91030,8529a1c3fffffff,0.0,0.038654812524159254,60.0
95356,85283603fffffff,0.0,0.038654812524159254,50.0
92239,8529b5bbfffffff,0.3112033195020747,0.05798221878623889,40.0
91504,8529a1c7fffffff,0.0,0.07730962504831851,20.0
91901,8529a453fffffff,0.0,0.038654812524159254,60.0
92676,8529a0bbfffffff,0.0,0.038654812524159254,50.0
94014,85283097fffffff,0.0,0.0,100.0
93066,8529a1b3fffffff,0.0,0.038654812524159254,50.0
92571,8529a013fffffff,0.0,0.05798221878623889,25.0
92543,8529a0c7fffffff,0.0,0.05798221878623889,25.0
95569,85280283fffffff,1.0,0.07730962504831851,0.0
90212,8529a19bfffffff,0.0,0.09663703131039815,0.0
94401,85283093fffffff,0.0,0.05798221878623889,25.0
92105,8529a41bfffffff,0.0,0.038654812524159254,0.0
90620,8529a56bfffffff,0.0,0.05798221878623889,40.0
92806,8529a0b7fffffff,0.0,0.05798221878623889,25.0
93927,85291a4bfffffff,0.0,0.05798221878623889,25.0
94612,85283083fffffff,0.0,0.07730962504831851,0.0
92040,8529a457fffffff,0.0,0.07730962504831851,0.0
93531,8529ae83fffffff,0.0,0.019327406262079627,75.0
95665,852832d3fffffff,0.0,0.05798221878623889,25.0
95637,8528339bfffffff,0.8771929824561403,0.038654812524159254,50.0
92404,8529a00ffffffff,0.0,0.05798221878623889,25.0
95692,85283223fffffff,0.0,0.019327406262079627,75.0
95493,852833a7fffffff,1.25,0.05798221878623889,25.0
95476,85283007fffffff,0.0,0.05798221878623889,25.0
93622,8529a947fffffff,0.0,0.07730962504831851,0.0
92584,8529a08bfffffff,0.0,0.07730962504831851,0.0
93446,8529ad0bfffffff,0.0,0.07730962504831851,0.0
91948,8548592ffffffff,2.4691358024691357,0.038654812524159254,50.0
90638,8529a56bfffffff,0.0,0.09663703131039815,0.0
91759,8529a023fffffff,10.638297872340425,0.09663703131039815,0.0
90018,8529a1d7fffffff,0.0,0.09663703131039815,0.0
92341,8529a073fffffff,0.6309148264984227,0.038654812524159254,33.33333333333333
90240,8529a1d3fffffff,0.0,0.07730962504831851,20.0
96062,85281573fffffff,0.48192771084337355,0.07730962504831851,0.0
91040,8529a1c7fffffff,0.0,0.07730962504831851,20.0
92231,85485bb7fffffff,0.0,0.07730962504831851,20.0
92242,8529b543fffffff,0.0,0.09663703131039815,0.0
92310,8529a34ffffffff,0.0,0.07730962504831851,0.0
92706,8529a0b7fffffff,0.0,0.05798221878623889,25.0
96145,85298987fffffff,0.0,0.05798221878623889,0.0
92860,8529a0abfffffff,0.0,0.05798221878623889,25.0
92679,8529a087fffffff,0.0,0.038654812524159254,50.0
91204,8529a1d7fffffff,0.0,0.05798221878623889,40.0
95975,8528322bfffffff,0.0,0.038654812524159254,50.0
95457,85283387fffffff,0.0,0.07730962504831851,0.0
94954,852830abfffffff,0.0,0.07730962504831851,0.0
91950,8529a41bfffffff,0.0,0.09663703131039815,0.0
93517,85298dcbfffffff,0.48426150121065376,0.07730962504831851,0.0
95935,85281493fffffff,0.32573289902280134,0.038654812524159254,50.0
95614,85283203fffffff,0.0,0.05798221878623889,25.0
93292,8529a84ffffffff,0.0,0.038654812524159254,33.33333333333333
93444,8529add3fffffff,0.0,0.038654812524159254,50.0
92264,8529a627fffffff,0.0,0.07730962504831851,20.0
94705,8528308bfffffff,0.0,0.05798221878623889,25.0
91786,8529a033fffffff,0.0,0.09663703131039815,0.0
92869,8529a0a3fffffff,0.0,0.05798221878623889,25.0
93560,8529a177fffffff,0.0,0.05798221878623889,25.0
93311,8529ac43fffffff,0.0,0.05798221878623889,0.0
91203,8529a1d7fffffff,0.0,0.05798221878623889,40.0
91362,8529a187fffffff,0.0,0.07730962504831851,20.0
92384,8529843bfffffff,3.4482758620689653,0.05798221878623889,25.0
95563,8528020ffffffff,0.45454545454545453,0.05798221878623889,25.0
95231,85283633fffffff,0.0,0.05798221878623889,25.0
94607,85283083fffffff,0.0,0.05798221878623889,25.0
95542,8528062bfffffff,0.0,0.05798221878623889,25.0
92590,8529a09bfffffff,0.0,0.038654812524159254,50.0
93501,8529aed3fffffff,0.0,0.038654812524159254,33.33333333333333
95446,852831cffffffff,0.0,0.05798221878623889,25.0
94515,8528302ffffffff,0.0,0.05798221878623889,25.0
95035,8528347bfffffff,0.0,0.05798221878623889,25.0
90503,8529a567fffffff,0.0,0.07730962504831851,20.0
95968,8528334bfffffff,0.0,0.05798221878623889,25.0
95559,85280293fffffff,2.4539877300613497,0.07730962504831851,0.0
95982,852833cffffffff,0.0,0.05798221878623889,25.0
96121,8528144bfffffff,0.8316008316008316,0.07730962504831851,0.0
91423,8529a18bfffffff,0.0,0.038654812524159254,60.0
92129,8529a40bfffffff,0.0,0.019327406262079627,93.75
91745,8529a0a7fffffff,0.0,0.07730962504831851,20.0
94063,85283467fffffff,0.0,0.05798221878623889,25.0
91784,8529a033fffffff,0.0,0.09663703131039815,0.0
93401,8529adc7fffffff,0.0,0.038654812524159254,50.0
94015,85283097fffffff,0.0,0.05798221878623889,25.0
96054,85281077fffffff,1.0362694300518136,0.07730962504831851,0.0
95595,85280663fffffff,1.1583011583011582,0.05798221878623889,25.0
93701,8529ab9bfffffff,0.0,0.07730962504831851,0.0
90065,8529a1d7fffffff,0.0,0.07730962504831851,20.0
94304,85283477fffffff,0.0,0.038654812524159254,50.0
93304,8529aeb3fffffff,0.0,0.07730962504831851,0.0
95459,8528312bfffffff,0.6825938566552902,0.07730962504831851,0.0
92708,8529a0b7fffffff,0.0,0.07730962504831851,0.0
91761,8529a0abfffffff,0.0,0.07730962504831851,20.0
95452,85283023fffffff,0.0,0.07730962504831851,0.0
93526,8529aa47fffffff,0.4087193460490463,0.05798221878623889,25.0
92253,8529a63bfffffff,0.0,0.07730962504831851,20.0
95984,8528140ffffffff,0.0,0.0,100.0
93202,8529a80ffffffff,0.0,0.038654812524159254,50.0
92868,8529a0b7fffffff,0.0,0.05798221878623889,25.0
95928,852814b7fffffff,0.0,0.038654812524159254,50.0
94920,85283087fffffff,0.0,0.07730962504831851,0.0
95640,8528329bfffffff,0.0,0.07730962504831851,0.0
93223,8529a843fffffff,0.0,0.05798221878623889,25.0
91767,8529a0affffffff,0.0,0.05798221878623889,40.0
92691,8529a087fffffff,0.0,0.07730962504831851,0.0
92009,8529a477fffffff,0.0,0.05798221878623889,25.0
94579,8528309bfffffff,0.0,0.05798221878623889,25.0
90063,8529a1d3fffffff,0.0,0.05798221878623889,40.0
95039,852834c3fffffff,0.33370411568409347,0.05798221878623889,25.0
92234,8529a627fffffff,0.0,0.09663703131039815,0.0
94109,85283083fffffff,0.0,0.05798221878623889,25.0
95127,8528347bfffffff,0.0,0.019327406262079627,75.0
95204,85283623fffffff,0.0,0.05798221878623889,25.0
96150,85298997fffffff,0.0,0.0,100.0
95641,85283053fffffff,0.0,0.05798221878623889,25.0
94589,85283003fffffff,0.0,0.05798221878623889,25.0
95950,852833c3fffffff,0.18832391713747645,0.019327406262079627,75.0
95066,8528341bfffffff,0.0,0.07730962504831851,0.0
92672,8529a097fffffff,0.0,0.07730962504831851,0.0
95203,85283623fffffff,0.0,0.07730962504831851,0.0
92339,8529a047fffffff,0.41753653444676403,0.07730962504831851,0.0
93650,8529ab83fffffff,0.0,0.05798221878623889,25.0
92532,8529a08ffffffff,0.0,0.05798221878623889,25.0
91789,8529a0affffffff,0.0,0.05798221878623889,40.0
94595,852830d7fffffff,0.0,0.05798221878623889,25.0
91913,8529a4cffffffff,0.0,0.09663703131039815,0.0
95404,85283027fffffff,0.0,0.038654812524159254,50.0
95116,85283447fffffff,0.0,0.038654812524159254,50.0
92260,8529a623fffffff,0.0,0.09663703131039815,0.0
90255,8529a56ffffffff,0.0,0.038654812524159254,60.0
93210,8529a9dbfffffff,0.0,0.038654812524159254,50.0
96123,85281627fffffff,4.918032786885246,0.05798221878623889,0.0
91724,8529a1dbfffffff,0.0,0.09663703131039815,0.0
95526,8528029bfffffff,0.14388489208633093,0.019327406262079627,75.0
95046,85283453fffffff,0.0,0.05798221878623889,25.0
95209,85283623fffffff,0.0,0.019327406262079627,75.0
94133,85283083fffffff,0.0,0.07730962504831851,0.0
95536,8528004ffffffff,0.0,0.05798221878623889,25.0
95543,85281c07fffffff,0.5639097744360901,0.05798221878623889,25.0
95925,85281483fffffff,0.7633587786259541,0.038654812524159254,50.0
92808,8529a0a3fffffff,0.0,0.05798221878623889,25.0
92624,8529a097fffffff,0.0,0.05798221878623889,25.0
92626,8529a54ffffffff,0.0,0.05798221878623889,25.0
95471,852831cffffffff,1.006711409395973,0.05798221878623889,25.0
96055,852815d7fffffff,0.0,0.05798221878623889,25.0
93668,8529a95bfffffff,0.0,0.038654812524159254,50.0
95965,852814b3fffffff,0.0,0.07730962504831851,0.0
93291,8529a87bfffffff,0.0,0.07730962504831851,0.0
93041,8529124ffffffff,0.0,0.05798221878623889,25.0
91776,8529a1d3fffffff,0.0,0.07730962504831851,20.0
94040,85283477fffffff,0.0,0.038654812524159254,50.0
93656,8529a823fffffff,0.0,0.05798221878623889,25.0
93612,8529ab9bfffffff,0.0,0.038654812524159254,50.0
96109,85281697fffffff,0.0,0.05798221878623889,25.0
95651,85283203fffffff,0.4123711340206186,0.038654812524159254,50.0
95726,85283253fffffff,0.0,0.05798221878623889,25.0
95464,852833a3fffffff,0.0,0.038654812524159254,50.0
94583,852830d7fffffff,0.0,0.05798221878623889,25.0
95585,8528063bfffffff,1.2461059190031152,0.07730962504831851,0.0
94129,85283087fffffff,0.0,0.05798221878623889,25.0
93616,8529a86ffffffff,0.0,0.07730962504831851,0.0
94576,8528302bfffffff,0.8968609865470852,0.038654812524159254,50.0
93426,8529ad2bfffffff,0.0,0.038654812524159254,50.0
94539,85283463fffffff,0.0,0.019327406262079627,75.0
94930,852830bbfffffff,0.0,0.07730962504831851,0.0
92583,8529a0cffffffff,0.0,0.05798221878623889,25.0
95562,852802b3fffffff,0.0,0.019327406262079627,75.0
94508,8528302bfffffff,0.0,0.05798221878623889,25.0
91316,8529a18bfffffff,0.0,0.07730962504831851,20.0
93307,8529ac4bfffffff,0.0,0.07730962504831851,0.0
93706,8529ab93fffffff,0.0,0.038654812524159254,50.0
92649,8529a57bfffffff,0.0,0.07730962504831851,0.0
94804,8528308ffffffff,0.0,0.05798221878623889,25.0
90278,8529a567fffffff,0.0,0.09663703131039815,0.0
93536,8529a173fffffff,0.0,0.038654812524159254,50.0
94602,8528308bfffffff,0.0,0.038654812524159254,50.0
94591,85283013fffffff,0.0,0.07730962504831851,0.0
91978,8529a4cffffffff,0.0,0.07730962504831851,20.0
94571,85283053fffffff,0.0,0.05798221878623889,25.0
96047,85281533fffffff,0.3293084522502744,0.05798221878623889,25.0
93283,8529ae1bfffffff,0.0,0.07730962504831851,0.0
95548,85281cbbfffffff,0.0,0.05798221878623889,25.0
93430,8529ad03fffffff,0.0,0.07730962504831851,0.0
95821,852832bbfffffff,0.0,0.05798221878623889,25.0
95252,85283663fffffff,0.0,0.05798221878623889,25.0
92549,8529a0cbfffffff,0.0,0.05798221878623889,25.0
90606,8529a1d3fffffff,0.0,0.07730962504831851,20.0
94941,85283087fffffff,0.0,0.05798221878623889,25.0
95409,85283023fffffff,0.0,0.038654812524159254,50.0
90039,8529a1d7fffffff,0.0,0.05798221878623889,40.0
94924,852830b3fffffff,0.0,0.05798221878623889,25.0
93953,85291a6ffffffff,0.0,0.05798221878623889,25.0
95454,8528060ffffffff,0.0,0.05798221878623889,25.0
92201,8529a63bfffffff,0.0,0.038654812524159254,50.0
95494,85283173fffffff,0.8955223880597015,0.05798221878623889,25.0
92336,8529a03bfffffff,0.0,0.05798221878623889,25.0
91801,8529a1d3fffffff,0.0,0.05798221878623889,25.0
94121,85283097fffffff,0.0,0.05798221878623889,25.0
95310,85298db3fffffff,0.0,0.038654812524159254,50.0
95064,85283413fffffff,0.0,0.07730962504831851,0.0
95693,85283283fffffff,0.0,0.05798221878623889,25.0
96105,8529892ffffffff,0.6153846153846154,0.07730962504831851,0.0
93422,8529ad1bfffffff,0.0,0.07730962504831851,0.0
90404,8529a19bfffffff,0.0,0.09663703131039815,0.0
94973,852830bbfffffff,0.0,0.05798221878623889,25.0
95354,85283613fffffff,0.0,0.05798221878623889,25.0
95126,85283473fffffff,0.0,0.05798221878623889,25.0
92870,8529a0a3fffffff,0.0,0.05798221878623889,25.0
95623,852832c7fffffff,0.0,0.05798221878623889,25.0
95920,85283347fffffff,0.9900990099009901,0.05798221878623889,25.0
93261,8529a8dbfffffff,0.0,0.05798221878623889,25.0
93207,8529ae3bfffffff,1.3274336283185841,0.05798221878623889,25.0
93635,8529a977fffffff,0.0,0.07730962504831851,0.0
93702,8529ab9bfffffff,0.0,0.019327406262079627,75.0
94547,85283013fffffff,0.0,0.07730962504831851,0.0
93260,8529ae3bfffffff,1.1278195488721803,0.05798221878623889,25.0
93630,8529ab97fffffff,0.0,0.05798221878623889,25.0
95537,852802a7fffffff,1.3157894736842104,0.05798221878623889,25.0
94596,852830c7fffffff,0.0,0.038654812524159254,50.0
95125,85283447fffffff,0.0,0.05798221878623889,25.0
91744,8529a1dbfffffff,0.0,0.019327406262079627,75.0
93955,852834d3fffffff,0.0,0.038654812524159254,50.0
93932,8529a993fffffff,0.37174721189591076,0.038654812524159254,50.0
92405,8529a00ffffffff,0.0,0.05798221878623889,25.0
93921,85291a6ffffffff,0.0,0.05798221878623889,25.0
93105,85291207fffffff,0.0,0.05798221878623889,25.0
92536,8529a0d3fffffff,0.0,0.05798221878623889,25.0
92625,8529a54ffffffff,0.0,0.019327406262079627,75.0
93551,8529a10bfffffff,0.0,0.05798221878623889,25.0
95612,8528304bfffffff,0.0,0.038654812524159254,50.0
91303,8529a18ffffffff,0.0,0.07730962504831851,20.0
93203,8529ae97fffffff,0.0,0.07730962504831851,0.0
90293,8529a19bfffffff,0.0,0.09663703131039815,0.0
92054,8529a093fffffff,0.0,0.09663703131039815,0.0
91304,8529a18ffffffff,0.0,0.05798221878623889,40.0
96125,852814c3fffffff,0.28735632183908044,0.019327406262079627,75.0
95357,8528361bfffffff,0.0,0.05798221878623889,25.0
92021,8529a457fffffff,0.0,0.07730962504831851,0.0
96122,85298927fffffff,0.0,0.05798221878623889,0.0
95645,852833dbfffffff,0.0,0.05798221878623889,25.0
93523,8529a3b7fffffff,0.0,0.05798221878623889,25.0
95947,85281473fffffff,0.0,0.07730962504831851,0.0
96120,85298d2bfffffff,0.41797283176593525,0.07730962504831851,0.0
93925,8529a9affffffff,0.0,0.05798221878623889,25.0
91706,8529a1dbfffffff,0.0,0.09663703131039815,0.0
96065,852810a7fffffff,0.9280742459396751,0.07730962504831851,0.0
91335,8529a18ffffffff,0.0,0.05798221878623889,40.0
93013,8529126ffffffff,0.0,0.05798221878623889,25.0
93662,8529a867fffffff,0.0,0.038654812524159254,50.0
92507,8529a003fffffff,0.0,0.07730962504831851,0.0
95636,852832cbfffffff,0.15174506828528073,0.019327406262079627,75.0
90241,8529a56bfffffff,0.0,0.07730962504831851,20.0
96086,85281c57fffffff,0.6024096385542169,0.038654812524159254,33.33333333333333
96050,85281127fffffff,0.4149377593360996,0.038654812524159254,50.0
95430,852831cffffffff,2.13903743315508,0.07730962504831851,0.0
92602,8529a0b3fffffff,0.0,0.05798221878623889,25.0
95948,85283343fffffff,0.0,0.05798221878623889,25.0
95338,8529ab23fffffff,0.0,0.038654812524159254,50.0
95043,8529a913fffffff,0.4920049200492005,0.07730962504831851,0.0
95776,852832b7fffffff,0.0,0.038654812524159254,50.0
92308,8529a067fffffff,0.0,0.05798221878623889,25.0
93711,8529ab83fffffff,0.0,0.0,100.0
91011,8529a1c3fffffff,0.0,0.07730962504831851,20.0
92530,8529a08ffffffff,0.0,0.05798221878623889,25.0
92570,8529a013fffffff,0.0,0.05798221878623889,25.0
94024,85283477fffffff,0.0,0.05798221878623889,25.0
93906,852834dbfffffff,0.0,0.05798221878623889,25.0
92705,8529a0b3fffffff,0.0,0.038654812524159254,50.0
92210,8529a607fffffff,0.0,0.019327406262079627,66.66666666666666
95816,852832b3fffffff,0.0,0.07730962504831851,0.0
92084,8529a477fffffff,0.0,0.07730962504831851,20.0
95374,852836d7fffffff,0.0,0.05798221878623889,25.0
90059,8529a56ffffffff,0.0,0.038654812524159254,60.0
92338,8529a20ffffffff,4.3478260869565215,0.019327406262079627,66.66666666666666
93611,8529abd7fffffff,0.0,0.07730962504831851,0.0
92832,8529a0b7fffffff,0.0,0.07730962504831851,0.0
92821,8529a0a7fffffff,0.0,0.038654812524159254,50.0
92501,8529a007fffffff,0.0,0.07730962504831851,0.0
96035,852815d7fffffff,0.0,0.07730962504831851,0.0
96110,85281287fffffff,1.5151515151515151,0.038654812524159254,50.0
95318,8529ab2bfffffff,0.690846286701209,0.07730962504831851,0.0
94002,8528342bfffffff,0.0,0.05798221878623889,25.0
95917,85283347fffffff,0.0,0.07730962504831851,0.0
96034,852811abfffffff,1.0204081632653061,0.07730962504831851,0.0
95307,85283613fffffff,0.0,0.07730962504831851,0.0
96009,8528100ffffffff,0.5042016806722689,0.05798221878623889,25.0
95601,852832d7fffffff,0.45045045045045046,0.019327406262079627,75.0
94530,8528308ffffffff,0.0,0.07730962504831851,0.0
95720,85298d2ffffffff,1.639344262295082,0.05798221878623889,25.0
95364,85298d13fffffff,0.851063829787234,0.038654812524159254,50.0
95242,8528362ffffffff,0.0,0.05798221878623889,25.0
94585,8528301bfffffff,0.0,0.07730962504831851,0.0
96021,8528159bfffffff,0.0,0.05798221878623889,25.0
93247,8529a85bfffffff,0.0,0.05798221878623889,25.0
96119,85281043fffffff,4.705882352941177,0.07730962504831851,0.0
94043,85283477fffffff,0.0,0.038654812524159254,50.0
95427,8528069bfffffff,0.2695417789757413,0.019327406262079627,75.0
94518,852830c7fffffff,0.0,0.07730962504831851,0.0
90680,8529a0b7fffffff,0.0,0.07730962504831851,20.0
94546,8528309bfffffff,0.0,0.05798221878623889,25.0
90304,8529a56ffffffff,0.0,0.07730962504831851,20.0
93117,8529135bfffffff,0.0,0.07730962504831851,0.0
92548,8529a0c7fffffff,0.0,0.038654812524159254,50.0
93647,8529aab7fffffff,0.0,0.038654812524159254,50.0
92103,8529a41bfffffff,0.0,0.038654812524159254,33.33333333333333
94940,852830a7fffffff,0.49261083743842365,0.038654812524159254,50.0
95383,85298db3fffffff,0.0,0.07730962504831851,0.0
94070,8528342bfffffff,0.0,0.07730962504831851,0.0
92582,8529a0c7fffffff,0.0,0.05798221878623889,25.0
92655,8529a0b7fffffff,0.0,0.05798221878623889,25.0
95450,852831cffffffff,0.684931506849315,0.05798221878623889,25.0
91763,8529a0affffffff,0.0,0.07730962504831851,20.0
95453,852833b7fffffff,0.0,0.05798221878623889,25.0
94303,85283477fffffff,0.0,0.05798221878623889,25.0
95642,8528366ffffffff,0.0,0.019327406262079627,75.0
95554,85280293fffffff,0.4658385093167702,0.05798221878623889,25.0
91962,8529a45bfffffff,0.0,0.09663703131039815,0.0
94517,852830c3fffffff,0.0,0.05798221878623889,25.0
96016,852810abfffffff,0.872093023255814,0.05798221878623889,25.0
95983,85281447fffffff,0.5847953216374269,0.05798221878623889,25.0
95006,85283403fffffff,0.0,0.0,100.0
93505,8529a3a7fffffff,0.0,0.07730962504831851,0.0
90716,8529a56bfffffff,0.0,0.07730962504831851,20.0
92509,8529a007fffffff,0.0,0.038654812524159254,50.0
90061,8529a56ffffffff,0.0,0.07730962504831851,20.0
94608,85283083fffffff,0.0,0.038654812524159254,50.0
91731,8529a1d3fffffff,0.0,0.038654812524159254,60.0
92115,8529a41bfffffff,0.0,0.05798221878623889,25.0
95695,8528306bfffffff,0.0,0.05798221878623889,25.0
91505,8529a18bfffffff,0.0,0.09663703131039815,0.0
95691,852832b7fffffff,0.0,0.07730962504831851,0.0
94947,852830a3fffffff,0.0,0.05798221878623889,25.0
95758,8528304bfffffff,0.0,0.038654812524159254,50.0
95650,85283217fffffff,0.0,0.05798221878623889,25.0
95065,8528341bfffffff,0.0,0.05798221878623889,25.0
92883,8529a08ffffffff,0.0,0.05798221878623889,25.0
96046,8528021bfffffff,1.4925373134328357,0.07730962504831851,0.0
96080,85281513fffffff,0.0,0.038654812524159254,50.0
91775,8529a1c3fffffff,0.0,0.05798221878623889,25.0
95685,852832d7fffffff,0.0,0.05798221878623889,25.0
92663,8529a54ffffffff,0.0,0.05798221878623889,25.0
94610,8528308bfffffff,0.0,0.07730962504831851,0.0
93433,8529add7fffffff,0.0,0.07730962504831851,0.0
95605,852832b3fffffff,0.0,0.05798221878623889,25.0
92363,8529b1d7fffffff,0.0,0.07730962504831851,0.0
96143,8529898ffffffff,0.0,0.05798221878623889,25.0
91917,8529a4cbfffffff,0.5502063273727648,0.07730962504831851,0.0
93721,8529ab9bfffffff,0.0,0.05798221878623889,25.0
90034,8529a19bfffffff,0.0,0.09663703131039815,0.0
92283,85485b03fffffff,0.0,0.07730962504831851,0.0
92555,8529a01bfffffff,0.0,0.038654812524159254,50.0
93204,8529a8b3fffffff,0.0,0.019327406262079627,75.0
92840,8529a0b7fffffff,0.0,0.07730962504831851,0.0
92835,8529a0a7fffffff,0.0,0.07730962504831851,0.0
93035,8529127bfffffff,0.0,0.05798221878623889,25.0
90701,8529a56bfffffff,0.0,0.09663703131039815,0.0
93206,8529ac63fffffff,0.0,0.038654812524159254,50.0
92587,8529a08bfffffff,0.0,0.05798221878623889,25.0
92661,8529a54ffffffff,0.0,0.038654812524159254,50.0
95306,8529ab33fffffff,0.3042596348884381,0.05798221878623889,25.0
92653,8529a54bfffffff,0.0,0.07730962504831851,0.0
92823,8529a0a3fffffff,0.0,0.038654812524159254,50.0
92345,8529a02bfffffff,0.0,0.07730962504831851,0.0
91020,8529a1c7fffffff,0.0,0.07730962504831851,20.0
92233,8529a6cbfffffff,0.0,0.07730962504831851,20.0
93669,8529ab0bfffffff,1.2232415902140672,0.07730962504831851,0.0
90603,8529a0a7fffffff,0.0,0.07730962504831851,20.0
93609,8529a82bfffffff,0.0,0.07730962504831851,0.0
91945,8529a41bfffffff,0.0,0.09663703131039815,0.0
92067,8529a40ffffffff,0.0,0.09663703131039815,0.0
96126,852989affffffff,0.881057268722467,0.038654812524159254,50.0
95258,8528362ffffffff,0.0,0.05798221878623889,25.0
95658,85283207fffffff,0.0,0.05798221878623889,25.0
91311,8529a18ffffffff,0.0,0.07730962504831851,20.0
96023,8528116bfffffff,0.0,0.05798221878623889,25.0
92316,8529a007fffffff,0.0,0.038654812524159254,33.33333333333333
95721,85298d2ffffffff,4.3478260869565215,0.05798221878623889,25.0
93638,8529ab8ffffffff,0.0,0.038654812524159254,50.0
95674,85283237fffffff,0.31678986272439286,0.05798221878623889,25.0
91914,8529a4cffffffff,0.0,0.07730962504831851,0.0
95678,852832abfffffff,0.0,0.038654812524159254,50.0
94568,8528346ffffffff,0.0,0.038654812524159254,50.0
90045,8529a19bfffffff,0.0,0.07730962504831851,20.0
95503,852802affffffff,0.0,0.05798221878623889,25.0
95456,85280697fffffff,0.45351473922902497,0.07730962504831851,0.0
94928,85283037fffffff,0.0,0.05798221878623889,25.0
94511,852830cbfffffff,0.0,0.07730962504831851,0.0
90814,8529a57bfffffff,0.0,0.07730962504831851,20.0
96040,852810bbfffffff,0.5037783375314862,0.038654812524159254,50.0
92127,8529a473fffffff,0.0,0.07730962504831851,20.0
92596,8529a0c7fffffff,0.0,0.07730962504831851,0.0
90717,8529a563fffffff,0.0,0.05798221878623889,40.0
95222,8528367bfffffff,0.0,0.038654812524159254,50.0
91340,8529a113fffffff,0.0,0.07730962504831851,20.0
94535,8528300bfffffff,0.0,0.038654812524159254,50.0
94114,85283083fffffff,0.0,0.019327406262079627,75.0
95620,85283047fffffff,0.0,0.05798221878623889,25.0
95380,8528368bfffffff,0.0,0.05798221878623889,25.0
95073,8528341bfffffff,0.0,0.07730962504831851,0.0
92321,8529a077fffffff,0.6593406593406593,0.05798221878623889,25.0
96103,852814cffffffff,0.0,0.05798221878623889,25.0
93441,8529ac87fffffff,0.0,0.07730962504831851,0.0
92553,8529a003fffffff,0.0,0.07730962504831851,0.0
92410,8529a00ffffffff,0.0,0.05798221878623889,25.0
92315,8529a07bfffffff,0.0,0.07730962504831851,0.0
96052,85281527fffffff,0.0,0.019327406262079627,75.0
95558,85280043fffffff,1.0,0.05798221878623889,25.0
95842,852832bbfffffff,0.0,0.05798221878623889,25.0
93962,8529a9a7fffffff,0.9828009828009828,0.07730962504831851,0.0
94603,8528309bfffffff,0.0,0.05798221878623889,25.0
93436,8529134ffffffff,0.0,0.038654812524159254,33.33333333333333
95941,85281483fffffff,0.6637168141592921,0.05798221878623889,25.0
91935,8529a453fffffff,0.0,0.05798221878623889,0.0
92620,8529a0b3fffffff,0.0,0.038654812524159254,50.0
93628,8529aaabfffffff,2.1505376344086025,0.038654812524159254,50.0
95938,8528334ffffffff,0.0,0.07730962504831851,0.0
95220,8528362ffffffff,0.0,0.019327406262079627,75.0
95325,8529ab37fffffff,3.125,0.07730962504831851,0.0
90274,8529a567fffffff,0.0,0.09663703131039815,0.0
90013,8529a1d7fffffff,0.0,0.05798221878623889,40.0
95746,85283217fffffff,0.0,0.05798221878623889,25.0
92629,8529a54bfffffff,0.0,0.038654812524159254,50.0
95420,85280687fffffff,0.6006006006006006,0.038654812524159254,50.0
92056,8529a477fffffff,0.0,0.05798221878623889,0.0
95986,8528326ffffffff,2.7586206896551726,0.07730962504831851,0.0
95626,852832a3fffffff,0.0,0.038654812524159254,50.0
95445,8528310ffffffff,0.0,0.05798221878623889,25.0
94929,852831dbfffffff,1.2121212121212122,0.07730962504831851,0.0
91902,8529a4cffffffff,0.0,0.05798221878623889,25.0
93455,8529acb7fffffff,0.0,0.07730962504831851,0.0
94028,85283477fffffff,0.0,0.05798221878623889,25.0
95328,85283613fffffff,0.0,0.07730962504831851,0.0
92630,8529a087fffffff,0.0,0.038654812524159254,50.0
92119,8529a41bfffffff,0.0,0.07730962504831851,20.0
93522,85298533fffffff,6.25,0.07730962504831851,0.0
95123,85283447fffffff,0.0,0.05798221878623889,25.0
93450,8529ad67fffffff,0.5970149253731344,0.07730962504831851,0.0
95607,85283067fffffff,1.5267175572519083,0.07730962504831851,0.0
95032,8528340bfffffff,0.0,0.038654812524159254,50.0
93631,8529a863fffffff,0.0,0.05798221878623889,25.0
92091,8529a40ffffffff,0.0,0.07730962504831851,0.0
92024,8529a40ffffffff,0.0,0.05798221878623889,25.0
92026,8529a463fffffff,0.0,0.07730962504831851,0.0
92647,8529a57bfffffff,0.0,0.05798221878623889,25.0
96124,852814cbfffffff,1.2422360248447204,0.07730962504831851,0.0
96008,85281563fffffff,0.33370411568409347,0.05798221878623889,25.0
92347,8529a313fffffff,0.0,0.05798221878623889,25.0
92060,8529a46bfffffff,0.8547008547008548,0.038654812524159254,33.33333333333333
94605,8528309bfffffff,0.0,0.07730962504831851,0.0
92610,8529a0b3fffffff,0.0,0.038654812524159254,50.0
95415,85283163fffffff,0.0,0.07730962504831851,0.0
92399,8529a00bfffffff,0.0,0.05798221878623889,25.0
93256,8529a8cffffffff,0.0,0.07730962504831851,0.0
95247,85298db7fffffff,0.0,0.05798221878623889,25.0
91436,8529a18bfffffff,0.0,0.09663703131039815,0.0
92886,8529a0a3fffffff,0.0,0.05798221878623889,25.0
91381,8529a117fffffff,0.0,0.05798221878623889,40.0
95254,85283667fffffff,0.9868421052631579,0.05798221878623889,25.0
94402,8528342bfffffff,0.0,0.019327406262079627,75.0
96020,85281477fffffff,0.0,0.07730962504831851,0.0
93563,8529a027fffffff,0.7263922518159807,0.05798221878623889,25.0
92802,8529a0b7fffffff,0.0,0.07730962504831851,0.0
95129,85283473fffffff,0.0,0.038654812524159254,50.0
95324,8528368bfffffff,0.0,0.07730962504831851,0.0
94131,85283097fffffff,0.0,0.05798221878623889,25.0
95472,852831cbfffffff,0.0,0.07730962504831851,0.0
95667,8528321bfffffff,0.0,0.07730962504831851,0.0
93722,8529ab83fffffff,0.0,0.05798221878623889,25.0
90250,8529a56ffffffff,0.0,0.07730962504831851,20.0
90024,8529a19bfffffff,0.0,0.038654812524159254,60.0
95552,852802d7fffffff,1.509433962264151,0.07730962504831851,0.0
92211,8529a623fffffff,0.0,0.019327406262079627,66.66666666666666
93030,8529124ffffffff,0.0,0.038654812524159254,50.0
95131,85283473fffffff,0.0,0.05798221878623889,25.0
95949,8528323bfffffff,0.0,0.038654812524159254,50.0
91931,8529a45bfffffff,0.25125628140703515,0.038654812524159254,50.0
96044,85281e93fffffff,0.0,0.05798221878623889,25.0
95664,85283203fffffff,0.0,0.05798221878623889,25.0
92704,8529a0b7fffffff,0.0,0.07730962504831851,0.0
96057,852811cffffffff,0.0,0.07730962504831851,0.0
92131,8529a40bfffffff,0.0,0.09663703131039815,0.0
95240,8528362bfffffff,0.0,0.038654812524159254,50.0
93451,8529ad7bfffffff,0.0,0.07730962504831851,0.0
91723,8529a1dbfffffff,0.0,0.07730962504831851,20.0
92612,8529a0b3fffffff,0.0,0.05798221878623889,25.0
93405,8529adc7fffffff,0.0,0.05798221878623889,0.0
90016,8529a19bfffffff,0.0,0.05798221878623889,25.0
96067,8528111bfffffff,0.0,0.07730962504831851,0.0
92037,8529a403fffffff,0.0,0.07730962504831851,0.0
93924,8529a9b7fffffff,0.0,0.05798221878623889,25.0
92398,8529a353fffffff,0.0,0.05798221878623889,25.0
96137,85281477fffffff,0.0,0.038654812524159254,50.0
95113,85283473fffffff,0.53475935828877,0.05798221878623889,25.0
95236,85283677fffffff,0.0,0.05798221878623889,25.0
93641,8529aaa3fffffff,0.5253940455341506,0.05798221878623889,25.0
95701,85283263fffffff,0.5326231691078562,0.07730962504831851,0.0
96101,852812b7fffffff,0.0,0.05798221878623889,0.0
92841,8529a0b7fffffff,0.0,0.05798221878623889,25.0
94544,8528346ffffffff,0.0,0.05798221878623889,25.0
95675,852832c3fffffff,1.098901098901099,0.07730962504831851,0.0
95321,85298d9bfffffff,0.0,0.05798221878623889,25.0
93940,85291a63fffffff,0.0,0.07730962504831851,0.0
96116,8528104ffffffff,1.083032490974729,0.05798221878623889,0.0
92025,8529a473fffffff,0.0,0.09663703131039815,0.0
95334,852836d7fffffff,0.0,0.05798221878623889,25.0
91384,8529a1abfffffff,0.0,0.05798221878623889,40.0
93528,8529a323fffffff,0.0,0.0,100.0
96033,8528152bfffffff,1.0723860589812333,0.07730962504831851,0.0
92104,8529a41bfffffff,0.0,0.038654812524159254,33.33333333333333
95412,8528310bfffffff,0.4016064257028112,0.05798221878623889,25.0
91502,8529a1d7fffffff,0.0,0.05798221878623889,40.0
95117,85283473fffffff,0.0,0.05798221878623889,25.0
92882,8529a0bbfffffff,0.0,0.05798221878623889,25.0
94704,8528308bfffffff,0.0,0.038654812524159254,50.0
95385,852836bbfffffff,0.7299270072992701,0.038654812524159254,50.0
93244,8529aab3fffffff,0.6825938566552902,0.038654812524159254,50.0
94074,8528343bfffffff,1.3745704467353952,0.07730962504831851,0.0
91934,8548592bfffffff,0.28612303290414876,0.038654812524159254,0.0
94021,8528343bfffffff,1.3513513513513513,0.038654812524159254,50.0
95677,85283217fffffff,0.0,0.07730962504831851,0.0
94122,85283097fffffff,0.0,0.038654812524159254,50.0
